-- MySQL dump 10.13  Distrib 8.0.45, for Win64 (x86_64)
--
-- Host: 127.0.0.1    Database: elearningdb
-- ------------------------------------------------------
-- Server version	8.0.42

/*!40101 SET @OLD_CHARACTER_SET_CLIENT=@@CHARACTER_SET_CLIENT */;
/*!40101 SET @OLD_CHARACTER_SET_RESULTS=@@CHARACTER_SET_RESULTS */;
/*!40101 SET @OLD_COLLATION_CONNECTION=@@COLLATION_CONNECTION */;
/*!50503 SET NAMES utf8 */;
/*!40103 SET @OLD_TIME_ZONE=@@TIME_ZONE */;
/*!40103 SET TIME_ZONE='+00:00' */;
/*!40014 SET @OLD_UNIQUE_CHECKS=@@UNIQUE_CHECKS, UNIQUE_CHECKS=0 */;
/*!40014 SET @OLD_FOREIGN_KEY_CHECKS=@@FOREIGN_KEY_CHECKS, FOREIGN_KEY_CHECKS=0 */;
/*!40101 SET @OLD_SQL_MODE=@@SQL_MODE, SQL_MODE='NO_AUTO_VALUE_ON_ZERO' */;
/*!40111 SET @OLD_SQL_NOTES=@@SQL_NOTES, SQL_NOTES=0 */;

--
-- Table structure for table `auth_group`
--

DROP TABLE IF EXISTS `auth_group`;
/*!40101 SET @saved_cs_client     = @@character_set_client */;
/*!50503 SET character_set_client = utf8mb4 */;
CREATE TABLE `auth_group` (
  `id` int NOT NULL AUTO_INCREMENT,
  `name` varchar(150) NOT NULL,
  PRIMARY KEY (`id`),
  UNIQUE KEY `name` (`name`)
) ENGINE=InnoDB DEFAULT CHARSET=utf8mb4 COLLATE=utf8mb4_0900_ai_ci;
/*!40101 SET character_set_client = @saved_cs_client */;

--
-- Dumping data for table `auth_group`
--

LOCK TABLES `auth_group` WRITE;
/*!40000 ALTER TABLE `auth_group` DISABLE KEYS */;
/*!40000 ALTER TABLE `auth_group` ENABLE KEYS */;
UNLOCK TABLES;

--
-- Table structure for table `auth_group_permissions`
--

DROP TABLE IF EXISTS `auth_group_permissions`;
/*!40101 SET @saved_cs_client     = @@character_set_client */;
/*!50503 SET character_set_client = utf8mb4 */;
CREATE TABLE `auth_group_permissions` (
  `id` bigint NOT NULL AUTO_INCREMENT,
  `group_id` int NOT NULL,
  `permission_id` int NOT NULL,
  PRIMARY KEY (`id`),
  UNIQUE KEY `auth_group_permissions_group_id_permission_id_0cd325b0_uniq` (`group_id`,`permission_id`),
  KEY `auth_group_permissio_permission_id_84c5c92e_fk_auth_perm` (`permission_id`),
  CONSTRAINT `auth_group_permissio_permission_id_84c5c92e_fk_auth_perm` FOREIGN KEY (`permission_id`) REFERENCES `auth_permission` (`id`),
  CONSTRAINT `auth_group_permissions_group_id_b120cbf9_fk_auth_group_id` FOREIGN KEY (`group_id`) REFERENCES `auth_group` (`id`)
) ENGINE=InnoDB DEFAULT CHARSET=utf8mb4 COLLATE=utf8mb4_0900_ai_ci;
/*!40101 SET character_set_client = @saved_cs_client */;

--
-- Dumping data for table `auth_group_permissions`
--

LOCK TABLES `auth_group_permissions` WRITE;
/*!40000 ALTER TABLE `auth_group_permissions` DISABLE KEYS */;
/*!40000 ALTER TABLE `auth_group_permissions` ENABLE KEYS */;
UNLOCK TABLES;

--
-- Table structure for table `auth_permission`
--

DROP TABLE IF EXISTS `auth_permission`;
/*!40101 SET @saved_cs_client     = @@character_set_client */;
/*!50503 SET character_set_client = utf8mb4 */;
CREATE TABLE `auth_permission` (
  `id` int NOT NULL AUTO_INCREMENT,
  `name` varchar(255) NOT NULL,
  `content_type_id` int NOT NULL,
  `codename` varchar(100) NOT NULL,
  PRIMARY KEY (`id`),
  UNIQUE KEY `auth_permission_content_type_id_codename_01ab375a_uniq` (`content_type_id`,`codename`),
  CONSTRAINT `auth_permission_content_type_id_2f476e4b_fk_django_co` FOREIGN KEY (`content_type_id`) REFERENCES `django_content_type` (`id`)
) ENGINE=InnoDB AUTO_INCREMENT=73 DEFAULT CHARSET=utf8mb4 COLLATE=utf8mb4_0900_ai_ci;
/*!40101 SET character_set_client = @saved_cs_client */;

--
-- Dumping data for table `auth_permission`
--

LOCK TABLES `auth_permission` WRITE;
/*!40000 ALTER TABLE `auth_permission` DISABLE KEYS */;
INSERT INTO `auth_permission` VALUES (1,'Can add log entry',1,'add_logentry'),(2,'Can change log entry',1,'change_logentry'),(3,'Can delete log entry',1,'delete_logentry'),(4,'Can view log entry',1,'view_logentry'),(5,'Can add permission',3,'add_permission'),(6,'Can change permission',3,'change_permission'),(7,'Can delete permission',3,'delete_permission'),(8,'Can view permission',3,'view_permission'),(9,'Can add group',2,'add_group'),(10,'Can change group',2,'change_group'),(11,'Can delete group',2,'delete_group'),(12,'Can view group',2,'view_group'),(13,'Can add content type',4,'add_contenttype'),(14,'Can change content type',4,'change_contenttype'),(15,'Can delete content type',4,'delete_contenttype'),(16,'Can view content type',4,'view_contenttype'),(17,'Can add session',5,'add_session'),(18,'Can change session',5,'change_session'),(19,'Can delete session',5,'delete_session'),(20,'Can view session',5,'view_session'),(21,'Can add user',12,'add_user'),(22,'Can change user',12,'change_user'),(23,'Can delete user',12,'delete_user'),(24,'Can view user',12,'view_user'),(25,'Can add course',8,'add_course'),(26,'Can change course',8,'change_course'),(27,'Can delete course',8,'delete_course'),(28,'Can view course',8,'view_course'),(29,'Can add enrollment',9,'add_enrollment'),(30,'Can change enrollment',9,'change_enrollment'),(31,'Can delete enrollment',9,'delete_enrollment'),(32,'Can view enrollment',9,'view_enrollment'),(33,'Can add certificate',7,'add_certificate'),(34,'Can change certificate',7,'change_certificate'),(35,'Can delete certificate',7,'delete_certificate'),(36,'Can view certificate',7,'view_certificate'),(37,'Can add lesson',10,'add_lesson'),(38,'Can change lesson',10,'change_lesson'),(39,'Can delete lesson',10,'delete_lesson'),(40,'Can view lesson',10,'view_lesson'),(41,'Can add assignment',6,'add_assignment'),(42,'Can change assignment',6,'change_assignment'),(43,'Can delete assignment',6,'delete_assignment'),(44,'Can view assignment',6,'view_assignment'),(45,'Can add submission',11,'add_submission'),(46,'Can change submission',11,'change_submission'),(47,'Can delete submission',11,'delete_submission'),(48,'Can view submission',11,'view_submission'),(49,'Can add application',14,'add_application'),(50,'Can change application',14,'change_application'),(51,'Can delete application',14,'delete_application'),(52,'Can view application',14,'view_application'),(53,'Can add access token',13,'add_accesstoken'),(54,'Can change access token',13,'change_accesstoken'),(55,'Can delete access token',13,'delete_accesstoken'),(56,'Can view access token',13,'view_accesstoken'),(57,'Can add grant',16,'add_grant'),(58,'Can change grant',16,'change_grant'),(59,'Can delete grant',16,'delete_grant'),(60,'Can view grant',16,'view_grant'),(61,'Can add refresh token',18,'add_refreshtoken'),(62,'Can change refresh token',18,'change_refreshtoken'),(63,'Can delete refresh token',18,'delete_refreshtoken'),(64,'Can view refresh token',18,'view_refreshtoken'),(65,'Can add id token',17,'add_idtoken'),(66,'Can change id token',17,'change_idtoken'),(67,'Can delete id token',17,'delete_idtoken'),(68,'Can view id token',17,'view_idtoken'),(69,'Can add device grant',15,'add_devicegrant'),(70,'Can change device grant',15,'change_devicegrant'),(71,'Can delete device grant',15,'delete_devicegrant'),(72,'Can view device grant',15,'view_devicegrant');
/*!40000 ALTER TABLE `auth_permission` ENABLE KEYS */;
UNLOCK TABLES;

--
-- Table structure for table `django_admin_log`
--

DROP TABLE IF EXISTS `django_admin_log`;
/*!40101 SET @saved_cs_client     = @@character_set_client */;
/*!50503 SET character_set_client = utf8mb4 */;
CREATE TABLE `django_admin_log` (
  `id` int NOT NULL AUTO_INCREMENT,
  `action_time` datetime(6) NOT NULL,
  `object_id` longtext,
  `object_repr` varchar(200) NOT NULL,
  `action_flag` smallint unsigned NOT NULL,
  `change_message` longtext NOT NULL,
  `content_type_id` int DEFAULT NULL,
  `user_id` bigint NOT NULL,
  PRIMARY KEY (`id`),
  KEY `django_admin_log_content_type_id_c4bce8eb_fk_django_co` (`content_type_id`),
  KEY `django_admin_log_user_id_c564eba6_fk_elearning_user_id` (`user_id`),
  CONSTRAINT `django_admin_log_content_type_id_c4bce8eb_fk_django_co` FOREIGN KEY (`content_type_id`) REFERENCES `django_content_type` (`id`),
  CONSTRAINT `django_admin_log_user_id_c564eba6_fk_elearning_user_id` FOREIGN KEY (`user_id`) REFERENCES `elearning_user` (`id`),
  CONSTRAINT `django_admin_log_chk_1` CHECK ((`action_flag` >= 0))
) ENGINE=InnoDB DEFAULT CHARSET=utf8mb4 COLLATE=utf8mb4_0900_ai_ci;
/*!40101 SET character_set_client = @saved_cs_client */;

--
-- Dumping data for table `django_admin_log`
--

LOCK TABLES `django_admin_log` WRITE;
/*!40000 ALTER TABLE `django_admin_log` DISABLE KEYS */;
/*!40000 ALTER TABLE `django_admin_log` ENABLE KEYS */;
UNLOCK TABLES;

--
-- Table structure for table `django_content_type`
--

DROP TABLE IF EXISTS `django_content_type`;
/*!40101 SET @saved_cs_client     = @@character_set_client */;
/*!50503 SET character_set_client = utf8mb4 */;
CREATE TABLE `django_content_type` (
  `id` int NOT NULL AUTO_INCREMENT,
  `app_label` varchar(100) NOT NULL,
  `model` varchar(100) NOT NULL,
  PRIMARY KEY (`id`),
  UNIQUE KEY `django_content_type_app_label_model_76bd3d3b_uniq` (`app_label`,`model`)
) ENGINE=InnoDB AUTO_INCREMENT=19 DEFAULT CHARSET=utf8mb4 COLLATE=utf8mb4_0900_ai_ci;
/*!40101 SET character_set_client = @saved_cs_client */;

--
-- Dumping data for table `django_content_type`
--

LOCK TABLES `django_content_type` WRITE;
/*!40000 ALTER TABLE `django_content_type` DISABLE KEYS */;
INSERT INTO `django_content_type` VALUES (1,'admin','logentry'),(2,'auth','group'),(3,'auth','permission'),(4,'contenttypes','contenttype'),(6,'elearning','assignment'),(7,'elearning','certificate'),(8,'elearning','course'),(9,'elearning','enrollment'),(10,'elearning','lesson'),(11,'elearning','submission'),(12,'elearning','user'),(13,'oauth2_provider','accesstoken'),(14,'oauth2_provider','application'),(15,'oauth2_provider','devicegrant'),(16,'oauth2_provider','grant'),(17,'oauth2_provider','idtoken'),(18,'oauth2_provider','refreshtoken'),(5,'sessions','session');
/*!40000 ALTER TABLE `django_content_type` ENABLE KEYS */;
UNLOCK TABLES;

--
-- Table structure for table `django_migrations`
--

DROP TABLE IF EXISTS `django_migrations`;
/*!40101 SET @saved_cs_client     = @@character_set_client */;
/*!50503 SET character_set_client = utf8mb4 */;
CREATE TABLE `django_migrations` (
  `id` bigint NOT NULL AUTO_INCREMENT,
  `app` varchar(255) NOT NULL,
  `name` varchar(255) NOT NULL,
  `applied` datetime(6) NOT NULL,
  PRIMARY KEY (`id`)
) ENGINE=InnoDB AUTO_INCREMENT=33 DEFAULT CHARSET=utf8mb4 COLLATE=utf8mb4_0900_ai_ci;
/*!40101 SET character_set_client = @saved_cs_client */;

--
-- Dumping data for table `django_migrations`
--

LOCK TABLES `django_migrations` WRITE;
/*!40000 ALTER TABLE `django_migrations` DISABLE KEYS */;
INSERT INTO `django_migrations` VALUES (1,'contenttypes','0001_initial','2026-03-21 08:10:29.641449'),(2,'contenttypes','0002_remove_content_type_name','2026-03-21 08:10:29.697672'),(3,'auth','0001_initial','2026-03-21 08:10:29.869609'),(4,'auth','0002_alter_permission_name_max_length','2026-03-21 08:10:29.909720'),(5,'auth','0003_alter_user_email_max_length','2026-03-21 08:10:29.914740'),(6,'auth','0004_alter_user_username_opts','2026-03-21 08:10:29.918188'),(7,'auth','0005_alter_user_last_login_null','2026-03-21 08:10:29.923741'),(8,'auth','0006_require_contenttypes_0002','2026-03-21 08:10:29.925745'),(9,'auth','0007_alter_validators_add_error_messages','2026-03-21 08:10:29.930243'),(10,'auth','0008_alter_user_username_max_length','2026-03-21 08:10:29.935762'),(11,'auth','0009_alter_user_last_name_max_length','2026-03-21 08:10:29.940765'),(12,'auth','0010_alter_group_name_max_length','2026-03-21 08:10:29.951918'),(13,'auth','0011_update_proxy_permissions','2026-03-21 08:10:29.956932'),(14,'auth','0012_alter_user_first_name_max_length','2026-03-21 08:10:29.961140'),(15,'elearning','0001_initial','2026-03-21 08:10:30.551056'),(16,'admin','0001_initial','2026-03-21 08:10:30.639850'),(17,'admin','0002_logentry_remove_auto_add','2026-03-21 08:10:30.645560'),(18,'admin','0003_logentry_add_action_flag_choices','2026-03-21 08:10:30.650996'),(19,'oauth2_provider','0001_initial','2026-03-21 08:10:31.099575'),(20,'oauth2_provider','0002_auto_20190406_1805','2026-03-21 08:10:31.189569'),(21,'oauth2_provider','0003_auto_20201211_1314','2026-03-21 08:10:31.235125'),(22,'oauth2_provider','0004_auto_20200902_2022','2026-03-21 08:10:31.518040'),(23,'oauth2_provider','0005_auto_20211222_2352','2026-03-21 08:10:31.587047'),(24,'oauth2_provider','0006_alter_application_client_secret','2026-03-21 08:10:31.606622'),(25,'oauth2_provider','0007_application_post_logout_redirect_uris','2026-03-21 08:10:31.650683'),(26,'oauth2_provider','0008_alter_accesstoken_token','2026-03-21 08:10:31.657907'),(27,'oauth2_provider','0009_add_hash_client_secret','2026-03-21 08:10:31.715893'),(28,'oauth2_provider','0010_application_allowed_origins','2026-03-21 08:10:31.760574'),(29,'oauth2_provider','0011_refreshtoken_token_family','2026-03-21 08:10:31.800845'),(30,'oauth2_provider','0012_add_token_checksum','2026-03-21 08:10:31.967022'),(31,'oauth2_provider','0013_alter_application_authorization_grant_type_device','2026-03-21 08:10:32.061776'),(32,'sessions','0001_initial','2026-03-21 08:10:32.091626');
/*!40000 ALTER TABLE `django_migrations` ENABLE KEYS */;
UNLOCK TABLES;

--
-- Table structure for table `django_session`
--

DROP TABLE IF EXISTS `django_session`;
/*!40101 SET @saved_cs_client     = @@character_set_client */;
/*!50503 SET character_set_client = utf8mb4 */;
CREATE TABLE `django_session` (
  `session_key` varchar(40) NOT NULL,
  `session_data` longtext NOT NULL,
  `expire_date` datetime(6) NOT NULL,
  PRIMARY KEY (`session_key`),
  KEY `django_session_expire_date_a5c62663` (`expire_date`)
) ENGINE=InnoDB DEFAULT CHARSET=utf8mb4 COLLATE=utf8mb4_0900_ai_ci;
/*!40101 SET character_set_client = @saved_cs_client */;

--
-- Dumping data for table `django_session`
--

LOCK TABLES `django_session` WRITE;
/*!40000 ALTER TABLE `django_session` DISABLE KEYS */;
INSERT INTO `django_session` VALUES ('u3pcnbmhsdn08ih4d79s5jdqadsywu62','.eJxVjMsOgjAUBf-la9OUcsHWpXu-gdxXBTVtQmFl_HclYaHbMzPnZUbc1mncqi7jLOZiGnP63Qj5oXkHcsd8K5ZLXpeZ7K7Yg1Y7FNHn9XD_Dias07dW4QCJfUQgBy1q6DtwEqjX1FFKPTQxQmRlFECScG7IIav3ntuUonl_AA0tOSc:1w4WxA:a5Fq86teRt60X24tpk1wdQoMA-kXG7O3DeEgkykXWrc','2026-04-06 04:31:48.986067');
/*!40000 ALTER TABLE `django_session` ENABLE KEYS */;
UNLOCK TABLES;

--
-- Table structure for table `elearning_assignment`
--

DROP TABLE IF EXISTS `elearning_assignment`;
/*!40101 SET @saved_cs_client     = @@character_set_client */;
/*!50503 SET character_set_client = utf8mb4 */;
CREATE TABLE `elearning_assignment` (
  `id` bigint NOT NULL AUTO_INCREMENT,
  `title` varchar(255) NOT NULL,
  `content` longtext NOT NULL,
  `lesson_id` bigint NOT NULL,
  PRIMARY KEY (`id`),
  KEY `elearning_assignment_lesson_id_04392ef5_fk_elearning_lesson_id` (`lesson_id`),
  CONSTRAINT `elearning_assignment_lesson_id_04392ef5_fk_elearning_lesson_id` FOREIGN KEY (`lesson_id`) REFERENCES `elearning_lesson` (`id`)
) ENGINE=InnoDB AUTO_INCREMENT=6001 DEFAULT CHARSET=utf8mb4 COLLATE=utf8mb4_0900_ai_ci;
/*!40101 SET character_set_client = @saved_cs_client */;

--
-- Dumping data for table `elearning_assignment`
--

LOCK TABLES `elearning_assignment` WRITE;
/*!40000 ALTER TABLE `elearning_assignment` DISABLE KEYS */;
INSERT INTO `elearning_assignment` VALUES (5001,'Bài tập 01: Trả lời câu hỏi ôn tập','Thực hiện yêu cầu bài tập 01 của buổi 01 trong khóa \'Python cơ bản cho người mới bắt đầu\'.',501),(5002,'Bài tập 02: Sửa lỗi đoạn mã mẫu','Thực hiện yêu cầu bài tập 02 của buổi 01 trong khóa \'Python cơ bản cho người mới bắt đầu\'.',501),(5003,'Bài tập 03: Viết hàm xử lý dữ liệu','Thực hiện yêu cầu bài tập 03 của buổi 01 trong khóa \'Python cơ bản cho người mới bắt đầu\'.',501),(5004,'Bài tập 04: Thiết kế cấu trúc dữ liệu phù hợp','Thực hiện yêu cầu bài tập 04 của buổi 01 trong khóa \'Python cơ bản cho người mới bắt đầu\'.',501),(5005,'Bài tập 05: Phân tích và tối ưu truy vấn','Thực hiện yêu cầu bài tập 05 của buổi 01 trong khóa \'Python cơ bản cho người mới bắt đầu\'.',501),(5006,'Bài tập 06: Xây dựng API cho chức năng chính','Thực hiện yêu cầu bài tập 06 của buổi 01 trong khóa \'Python cơ bản cho người mới bắt đầu\'.',501),(5007,'Bài tập 07: Viết test cho tình huống biên','Thực hiện yêu cầu bài tập 07 của buổi 01 trong khóa \'Python cơ bản cho người mới bắt đầu\'.',501),(5008,'Bài tập 08: Đọc log và tìm nguyên nhân lỗi','Thực hiện yêu cầu bài tập 08 của buổi 01 trong khóa \'Python cơ bản cho người mới bắt đầu\'.',501),(5009,'Bài tập 09: Hoàn thiện mini task theo yêu cầu','Thực hiện yêu cầu bài tập 09 của buổi 01 trong khóa \'Python cơ bản cho người mới bắt đầu\'.',501),(5010,'Bài tập 10: Tự đánh giá và đề xuất cải tiến','Thực hiện yêu cầu bài tập 10 của buổi 01 trong khóa \'Python cơ bản cho người mới bắt đầu\'.',501),(5011,'Bài tập 01: Trả lời câu hỏi ôn tập','Thực hiện yêu cầu bài tập 01 của buổi 02 trong khóa \'Python cơ bản cho người mới bắt đầu\'.',502),(5012,'Bài tập 02: Sửa lỗi đoạn mã mẫu','Thực hiện yêu cầu bài tập 02 của buổi 02 trong khóa \'Python cơ bản cho người mới bắt đầu\'.',502),(5013,'Bài tập 03: Viết hàm xử lý dữ liệu','Thực hiện yêu cầu bài tập 03 của buổi 02 trong khóa \'Python cơ bản cho người mới bắt đầu\'.',502),(5014,'Bài tập 04: Thiết kế cấu trúc dữ liệu phù hợp','Thực hiện yêu cầu bài tập 04 của buổi 02 trong khóa \'Python cơ bản cho người mới bắt đầu\'.',502),(5015,'Bài tập 05: Phân tích và tối ưu truy vấn','Thực hiện yêu cầu bài tập 05 của buổi 02 trong khóa \'Python cơ bản cho người mới bắt đầu\'.',502),(5016,'Bài tập 06: Xây dựng API cho chức năng chính','Thực hiện yêu cầu bài tập 06 của buổi 02 trong khóa \'Python cơ bản cho người mới bắt đầu\'.',502),(5017,'Bài tập 07: Viết test cho tình huống biên','Thực hiện yêu cầu bài tập 07 của buổi 02 trong khóa \'Python cơ bản cho người mới bắt đầu\'.',502),(5018,'Bài tập 08: Đọc log và tìm nguyên nhân lỗi','Thực hiện yêu cầu bài tập 08 của buổi 02 trong khóa \'Python cơ bản cho người mới bắt đầu\'.',502),(5019,'Bài tập 09: Hoàn thiện mini task theo yêu cầu','Thực hiện yêu cầu bài tập 09 của buổi 02 trong khóa \'Python cơ bản cho người mới bắt đầu\'.',502),(5020,'Bài tập 10: Tự đánh giá và đề xuất cải tiến','Thực hiện yêu cầu bài tập 10 của buổi 02 trong khóa \'Python cơ bản cho người mới bắt đầu\'.',502),(5021,'Bài tập 01: Trả lời câu hỏi ôn tập','Thực hiện yêu cầu bài tập 01 của buổi 03 trong khóa \'Python cơ bản cho người mới bắt đầu\'.',503),(5022,'Bài tập 02: Sửa lỗi đoạn mã mẫu','Thực hiện yêu cầu bài tập 02 của buổi 03 trong khóa \'Python cơ bản cho người mới bắt đầu\'.',503),(5023,'Bài tập 03: Viết hàm xử lý dữ liệu','Thực hiện yêu cầu bài tập 03 của buổi 03 trong khóa \'Python cơ bản cho người mới bắt đầu\'.',503),(5024,'Bài tập 04: Thiết kế cấu trúc dữ liệu phù hợp','Thực hiện yêu cầu bài tập 04 của buổi 03 trong khóa \'Python cơ bản cho người mới bắt đầu\'.',503),(5025,'Bài tập 05: Phân tích và tối ưu truy vấn','Thực hiện yêu cầu bài tập 05 của buổi 03 trong khóa \'Python cơ bản cho người mới bắt đầu\'.',503),(5026,'Bài tập 06: Xây dựng API cho chức năng chính','Thực hiện yêu cầu bài tập 06 của buổi 03 trong khóa \'Python cơ bản cho người mới bắt đầu\'.',503),(5027,'Bài tập 07: Viết test cho tình huống biên','Thực hiện yêu cầu bài tập 07 của buổi 03 trong khóa \'Python cơ bản cho người mới bắt đầu\'.',503),(5028,'Bài tập 08: Đọc log và tìm nguyên nhân lỗi','Thực hiện yêu cầu bài tập 08 của buổi 03 trong khóa \'Python cơ bản cho người mới bắt đầu\'.',503),(5029,'Bài tập 09: Hoàn thiện mini task theo yêu cầu','Thực hiện yêu cầu bài tập 09 của buổi 03 trong khóa \'Python cơ bản cho người mới bắt đầu\'.',503),(5030,'Bài tập 10: Tự đánh giá và đề xuất cải tiến','Thực hiện yêu cầu bài tập 10 của buổi 03 trong khóa \'Python cơ bản cho người mới bắt đầu\'.',503),(5031,'Bài tập 01: Trả lời câu hỏi ôn tập','Thực hiện yêu cầu bài tập 01 của buổi 04 trong khóa \'Python cơ bản cho người mới bắt đầu\'.',504),(5032,'Bài tập 02: Sửa lỗi đoạn mã mẫu','Thực hiện yêu cầu bài tập 02 của buổi 04 trong khóa \'Python cơ bản cho người mới bắt đầu\'.',504),(5033,'Bài tập 03: Viết hàm xử lý dữ liệu','Thực hiện yêu cầu bài tập 03 của buổi 04 trong khóa \'Python cơ bản cho người mới bắt đầu\'.',504),(5034,'Bài tập 04: Thiết kế cấu trúc dữ liệu phù hợp','Thực hiện yêu cầu bài tập 04 của buổi 04 trong khóa \'Python cơ bản cho người mới bắt đầu\'.',504),(5035,'Bài tập 05: Phân tích và tối ưu truy vấn','Thực hiện yêu cầu bài tập 05 của buổi 04 trong khóa \'Python cơ bản cho người mới bắt đầu\'.',504),(5036,'Bài tập 06: Xây dựng API cho chức năng chính','Thực hiện yêu cầu bài tập 06 của buổi 04 trong khóa \'Python cơ bản cho người mới bắt đầu\'.',504),(5037,'Bài tập 07: Viết test cho tình huống biên','Thực hiện yêu cầu bài tập 07 của buổi 04 trong khóa \'Python cơ bản cho người mới bắt đầu\'.',504),(5038,'Bài tập 08: Đọc log và tìm nguyên nhân lỗi','Thực hiện yêu cầu bài tập 08 của buổi 04 trong khóa \'Python cơ bản cho người mới bắt đầu\'.',504),(5039,'Bài tập 09: Hoàn thiện mini task theo yêu cầu','Thực hiện yêu cầu bài tập 09 của buổi 04 trong khóa \'Python cơ bản cho người mới bắt đầu\'.',504),(5040,'Bài tập 10: Tự đánh giá và đề xuất cải tiến','Thực hiện yêu cầu bài tập 10 của buổi 04 trong khóa \'Python cơ bản cho người mới bắt đầu\'.',504),(5041,'Bài tập 01: Trả lời câu hỏi ôn tập','Thực hiện yêu cầu bài tập 01 của buổi 05 trong khóa \'Python cơ bản cho người mới bắt đầu\'.',505),(5042,'Bài tập 02: Sửa lỗi đoạn mã mẫu','Thực hiện yêu cầu bài tập 02 của buổi 05 trong khóa \'Python cơ bản cho người mới bắt đầu\'.',505),(5043,'Bài tập 03: Viết hàm xử lý dữ liệu','Thực hiện yêu cầu bài tập 03 của buổi 05 trong khóa \'Python cơ bản cho người mới bắt đầu\'.',505),(5044,'Bài tập 04: Thiết kế cấu trúc dữ liệu phù hợp','Thực hiện yêu cầu bài tập 04 của buổi 05 trong khóa \'Python cơ bản cho người mới bắt đầu\'.',505),(5045,'Bài tập 05: Phân tích và tối ưu truy vấn','Thực hiện yêu cầu bài tập 05 của buổi 05 trong khóa \'Python cơ bản cho người mới bắt đầu\'.',505),(5046,'Bài tập 06: Xây dựng API cho chức năng chính','Thực hiện yêu cầu bài tập 06 của buổi 05 trong khóa \'Python cơ bản cho người mới bắt đầu\'.',505),(5047,'Bài tập 07: Viết test cho tình huống biên','Thực hiện yêu cầu bài tập 07 của buổi 05 trong khóa \'Python cơ bản cho người mới bắt đầu\'.',505),(5048,'Bài tập 08: Đọc log và tìm nguyên nhân lỗi','Thực hiện yêu cầu bài tập 08 của buổi 05 trong khóa \'Python cơ bản cho người mới bắt đầu\'.',505),(5049,'Bài tập 09: Hoàn thiện mini task theo yêu cầu','Thực hiện yêu cầu bài tập 09 của buổi 05 trong khóa \'Python cơ bản cho người mới bắt đầu\'.',505),(5050,'Bài tập 10: Tự đánh giá và đề xuất cải tiến','Thực hiện yêu cầu bài tập 10 của buổi 05 trong khóa \'Python cơ bản cho người mới bắt đầu\'.',505),(5051,'Bài tập 01: Trả lời câu hỏi ôn tập','Thực hiện yêu cầu bài tập 01 của buổi 06 trong khóa \'Python cơ bản cho người mới bắt đầu\'.',506),(5052,'Bài tập 02: Sửa lỗi đoạn mã mẫu','Thực hiện yêu cầu bài tập 02 của buổi 06 trong khóa \'Python cơ bản cho người mới bắt đầu\'.',506),(5053,'Bài tập 03: Viết hàm xử lý dữ liệu','Thực hiện yêu cầu bài tập 03 của buổi 06 trong khóa \'Python cơ bản cho người mới bắt đầu\'.',506),(5054,'Bài tập 04: Thiết kế cấu trúc dữ liệu phù hợp','Thực hiện yêu cầu bài tập 04 của buổi 06 trong khóa \'Python cơ bản cho người mới bắt đầu\'.',506),(5055,'Bài tập 05: Phân tích và tối ưu truy vấn','Thực hiện yêu cầu bài tập 05 của buổi 06 trong khóa \'Python cơ bản cho người mới bắt đầu\'.',506),(5056,'Bài tập 06: Xây dựng API cho chức năng chính','Thực hiện yêu cầu bài tập 06 của buổi 06 trong khóa \'Python cơ bản cho người mới bắt đầu\'.',506),(5057,'Bài tập 07: Viết test cho tình huống biên','Thực hiện yêu cầu bài tập 07 của buổi 06 trong khóa \'Python cơ bản cho người mới bắt đầu\'.',506),(5058,'Bài tập 08: Đọc log và tìm nguyên nhân lỗi','Thực hiện yêu cầu bài tập 08 của buổi 06 trong khóa \'Python cơ bản cho người mới bắt đầu\'.',506),(5059,'Bài tập 09: Hoàn thiện mini task theo yêu cầu','Thực hiện yêu cầu bài tập 09 của buổi 06 trong khóa \'Python cơ bản cho người mới bắt đầu\'.',506),(5060,'Bài tập 10: Tự đánh giá và đề xuất cải tiến','Thực hiện yêu cầu bài tập 10 của buổi 06 trong khóa \'Python cơ bản cho người mới bắt đầu\'.',506),(5061,'Bài tập 01: Trả lời câu hỏi ôn tập','Thực hiện yêu cầu bài tập 01 của buổi 07 trong khóa \'Python cơ bản cho người mới bắt đầu\'.',507),(5062,'Bài tập 02: Sửa lỗi đoạn mã mẫu','Thực hiện yêu cầu bài tập 02 của buổi 07 trong khóa \'Python cơ bản cho người mới bắt đầu\'.',507),(5063,'Bài tập 03: Viết hàm xử lý dữ liệu','Thực hiện yêu cầu bài tập 03 của buổi 07 trong khóa \'Python cơ bản cho người mới bắt đầu\'.',507),(5064,'Bài tập 04: Thiết kế cấu trúc dữ liệu phù hợp','Thực hiện yêu cầu bài tập 04 của buổi 07 trong khóa \'Python cơ bản cho người mới bắt đầu\'.',507),(5065,'Bài tập 05: Phân tích và tối ưu truy vấn','Thực hiện yêu cầu bài tập 05 của buổi 07 trong khóa \'Python cơ bản cho người mới bắt đầu\'.',507),(5066,'Bài tập 06: Xây dựng API cho chức năng chính','Thực hiện yêu cầu bài tập 06 của buổi 07 trong khóa \'Python cơ bản cho người mới bắt đầu\'.',507),(5067,'Bài tập 07: Viết test cho tình huống biên','Thực hiện yêu cầu bài tập 07 của buổi 07 trong khóa \'Python cơ bản cho người mới bắt đầu\'.',507),(5068,'Bài tập 08: Đọc log và tìm nguyên nhân lỗi','Thực hiện yêu cầu bài tập 08 của buổi 07 trong khóa \'Python cơ bản cho người mới bắt đầu\'.',507),(5069,'Bài tập 09: Hoàn thiện mini task theo yêu cầu','Thực hiện yêu cầu bài tập 09 của buổi 07 trong khóa \'Python cơ bản cho người mới bắt đầu\'.',507),(5070,'Bài tập 10: Tự đánh giá và đề xuất cải tiến','Thực hiện yêu cầu bài tập 10 của buổi 07 trong khóa \'Python cơ bản cho người mới bắt đầu\'.',507),(5071,'Bài tập 01: Trả lời câu hỏi ôn tập','Thực hiện yêu cầu bài tập 01 của buổi 08 trong khóa \'Python cơ bản cho người mới bắt đầu\'.',508),(5072,'Bài tập 02: Sửa lỗi đoạn mã mẫu','Thực hiện yêu cầu bài tập 02 của buổi 08 trong khóa \'Python cơ bản cho người mới bắt đầu\'.',508),(5073,'Bài tập 03: Viết hàm xử lý dữ liệu','Thực hiện yêu cầu bài tập 03 của buổi 08 trong khóa \'Python cơ bản cho người mới bắt đầu\'.',508),(5074,'Bài tập 04: Thiết kế cấu trúc dữ liệu phù hợp','Thực hiện yêu cầu bài tập 04 của buổi 08 trong khóa \'Python cơ bản cho người mới bắt đầu\'.',508),(5075,'Bài tập 05: Phân tích và tối ưu truy vấn','Thực hiện yêu cầu bài tập 05 của buổi 08 trong khóa \'Python cơ bản cho người mới bắt đầu\'.',508),(5076,'Bài tập 06: Xây dựng API cho chức năng chính','Thực hiện yêu cầu bài tập 06 của buổi 08 trong khóa \'Python cơ bản cho người mới bắt đầu\'.',508),(5077,'Bài tập 07: Viết test cho tình huống biên','Thực hiện yêu cầu bài tập 07 của buổi 08 trong khóa \'Python cơ bản cho người mới bắt đầu\'.',508),(5078,'Bài tập 08: Đọc log và tìm nguyên nhân lỗi','Thực hiện yêu cầu bài tập 08 của buổi 08 trong khóa \'Python cơ bản cho người mới bắt đầu\'.',508),(5079,'Bài tập 09: Hoàn thiện mini task theo yêu cầu','Thực hiện yêu cầu bài tập 09 của buổi 08 trong khóa \'Python cơ bản cho người mới bắt đầu\'.',508),(5080,'Bài tập 10: Tự đánh giá và đề xuất cải tiến','Thực hiện yêu cầu bài tập 10 của buổi 08 trong khóa \'Python cơ bản cho người mới bắt đầu\'.',508),(5081,'Bài tập 01: Trả lời câu hỏi ôn tập','Thực hiện yêu cầu bài tập 01 của buổi 09 trong khóa \'Python cơ bản cho người mới bắt đầu\'.',509),(5082,'Bài tập 02: Sửa lỗi đoạn mã mẫu','Thực hiện yêu cầu bài tập 02 của buổi 09 trong khóa \'Python cơ bản cho người mới bắt đầu\'.',509),(5083,'Bài tập 03: Viết hàm xử lý dữ liệu','Thực hiện yêu cầu bài tập 03 của buổi 09 trong khóa \'Python cơ bản cho người mới bắt đầu\'.',509),(5084,'Bài tập 04: Thiết kế cấu trúc dữ liệu phù hợp','Thực hiện yêu cầu bài tập 04 của buổi 09 trong khóa \'Python cơ bản cho người mới bắt đầu\'.',509),(5085,'Bài tập 05: Phân tích và tối ưu truy vấn','Thực hiện yêu cầu bài tập 05 của buổi 09 trong khóa \'Python cơ bản cho người mới bắt đầu\'.',509),(5086,'Bài tập 06: Xây dựng API cho chức năng chính','Thực hiện yêu cầu bài tập 06 của buổi 09 trong khóa \'Python cơ bản cho người mới bắt đầu\'.',509),(5087,'Bài tập 07: Viết test cho tình huống biên','Thực hiện yêu cầu bài tập 07 của buổi 09 trong khóa \'Python cơ bản cho người mới bắt đầu\'.',509),(5088,'Bài tập 08: Đọc log và tìm nguyên nhân lỗi','Thực hiện yêu cầu bài tập 08 của buổi 09 trong khóa \'Python cơ bản cho người mới bắt đầu\'.',509),(5089,'Bài tập 09: Hoàn thiện mini task theo yêu cầu','Thực hiện yêu cầu bài tập 09 của buổi 09 trong khóa \'Python cơ bản cho người mới bắt đầu\'.',509),(5090,'Bài tập 10: Tự đánh giá và đề xuất cải tiến','Thực hiện yêu cầu bài tập 10 của buổi 09 trong khóa \'Python cơ bản cho người mới bắt đầu\'.',509),(5091,'Bài tập 01: Trả lời câu hỏi ôn tập','Thực hiện yêu cầu bài tập 01 của buổi 10 trong khóa \'Python cơ bản cho người mới bắt đầu\'.',510),(5092,'Bài tập 02: Sửa lỗi đoạn mã mẫu','Thực hiện yêu cầu bài tập 02 của buổi 10 trong khóa \'Python cơ bản cho người mới bắt đầu\'.',510),(5093,'Bài tập 03: Viết hàm xử lý dữ liệu','Thực hiện yêu cầu bài tập 03 của buổi 10 trong khóa \'Python cơ bản cho người mới bắt đầu\'.',510),(5094,'Bài tập 04: Thiết kế cấu trúc dữ liệu phù hợp','Thực hiện yêu cầu bài tập 04 của buổi 10 trong khóa \'Python cơ bản cho người mới bắt đầu\'.',510),(5095,'Bài tập 05: Phân tích và tối ưu truy vấn','Thực hiện yêu cầu bài tập 05 của buổi 10 trong khóa \'Python cơ bản cho người mới bắt đầu\'.',510),(5096,'Bài tập 06: Xây dựng API cho chức năng chính','Thực hiện yêu cầu bài tập 06 của buổi 10 trong khóa \'Python cơ bản cho người mới bắt đầu\'.',510),(5097,'Bài tập 07: Viết test cho tình huống biên','Thực hiện yêu cầu bài tập 07 của buổi 10 trong khóa \'Python cơ bản cho người mới bắt đầu\'.',510),(5098,'Bài tập 08: Đọc log và tìm nguyên nhân lỗi','Thực hiện yêu cầu bài tập 08 của buổi 10 trong khóa \'Python cơ bản cho người mới bắt đầu\'.',510),(5099,'Bài tập 09: Hoàn thiện mini task theo yêu cầu','Thực hiện yêu cầu bài tập 09 của buổi 10 trong khóa \'Python cơ bản cho người mới bắt đầu\'.',510),(5100,'Bài tập 10: Tự đánh giá và đề xuất cải tiến','Thực hiện yêu cầu bài tập 10 của buổi 10 trong khóa \'Python cơ bản cho người mới bắt đầu\'.',510),(5101,'Bài tập 01: Trả lời câu hỏi ôn tập','Thực hiện yêu cầu bài tập 01 của buổi 01 trong khóa \'Thiết kế cơ sở dữ liệu với MySQL\'.',511),(5102,'Bài tập 02: Sửa lỗi đoạn mã mẫu','Thực hiện yêu cầu bài tập 02 của buổi 01 trong khóa \'Thiết kế cơ sở dữ liệu với MySQL\'.',511),(5103,'Bài tập 03: Viết hàm xử lý dữ liệu','Thực hiện yêu cầu bài tập 03 của buổi 01 trong khóa \'Thiết kế cơ sở dữ liệu với MySQL\'.',511),(5104,'Bài tập 04: Thiết kế cấu trúc dữ liệu phù hợp','Thực hiện yêu cầu bài tập 04 của buổi 01 trong khóa \'Thiết kế cơ sở dữ liệu với MySQL\'.',511),(5105,'Bài tập 05: Phân tích và tối ưu truy vấn','Thực hiện yêu cầu bài tập 05 của buổi 01 trong khóa \'Thiết kế cơ sở dữ liệu với MySQL\'.',511),(5106,'Bài tập 06: Xây dựng API cho chức năng chính','Thực hiện yêu cầu bài tập 06 của buổi 01 trong khóa \'Thiết kế cơ sở dữ liệu với MySQL\'.',511),(5107,'Bài tập 07: Viết test cho tình huống biên','Thực hiện yêu cầu bài tập 07 của buổi 01 trong khóa \'Thiết kế cơ sở dữ liệu với MySQL\'.',511),(5108,'Bài tập 08: Đọc log và tìm nguyên nhân lỗi','Thực hiện yêu cầu bài tập 08 của buổi 01 trong khóa \'Thiết kế cơ sở dữ liệu với MySQL\'.',511),(5109,'Bài tập 09: Hoàn thiện mini task theo yêu cầu','Thực hiện yêu cầu bài tập 09 của buổi 01 trong khóa \'Thiết kế cơ sở dữ liệu với MySQL\'.',511),(5110,'Bài tập 10: Tự đánh giá và đề xuất cải tiến','Thực hiện yêu cầu bài tập 10 của buổi 01 trong khóa \'Thiết kế cơ sở dữ liệu với MySQL\'.',511),(5111,'Bài tập 01: Trả lời câu hỏi ôn tập','Thực hiện yêu cầu bài tập 01 của buổi 02 trong khóa \'Thiết kế cơ sở dữ liệu với MySQL\'.',512),(5112,'Bài tập 02: Sửa lỗi đoạn mã mẫu','Thực hiện yêu cầu bài tập 02 của buổi 02 trong khóa \'Thiết kế cơ sở dữ liệu với MySQL\'.',512),(5113,'Bài tập 03: Viết hàm xử lý dữ liệu','Thực hiện yêu cầu bài tập 03 của buổi 02 trong khóa \'Thiết kế cơ sở dữ liệu với MySQL\'.',512),(5114,'Bài tập 04: Thiết kế cấu trúc dữ liệu phù hợp','Thực hiện yêu cầu bài tập 04 của buổi 02 trong khóa \'Thiết kế cơ sở dữ liệu với MySQL\'.',512),(5115,'Bài tập 05: Phân tích và tối ưu truy vấn','Thực hiện yêu cầu bài tập 05 của buổi 02 trong khóa \'Thiết kế cơ sở dữ liệu với MySQL\'.',512),(5116,'Bài tập 06: Xây dựng API cho chức năng chính','Thực hiện yêu cầu bài tập 06 của buổi 02 trong khóa \'Thiết kế cơ sở dữ liệu với MySQL\'.',512),(5117,'Bài tập 07: Viết test cho tình huống biên','Thực hiện yêu cầu bài tập 07 của buổi 02 trong khóa \'Thiết kế cơ sở dữ liệu với MySQL\'.',512),(5118,'Bài tập 08: Đọc log và tìm nguyên nhân lỗi','Thực hiện yêu cầu bài tập 08 của buổi 02 trong khóa \'Thiết kế cơ sở dữ liệu với MySQL\'.',512),(5119,'Bài tập 09: Hoàn thiện mini task theo yêu cầu','Thực hiện yêu cầu bài tập 09 của buổi 02 trong khóa \'Thiết kế cơ sở dữ liệu với MySQL\'.',512),(5120,'Bài tập 10: Tự đánh giá và đề xuất cải tiến','Thực hiện yêu cầu bài tập 10 của buổi 02 trong khóa \'Thiết kế cơ sở dữ liệu với MySQL\'.',512),(5121,'Bài tập 01: Trả lời câu hỏi ôn tập','Thực hiện yêu cầu bài tập 01 của buổi 03 trong khóa \'Thiết kế cơ sở dữ liệu với MySQL\'.',513),(5122,'Bài tập 02: Sửa lỗi đoạn mã mẫu','Thực hiện yêu cầu bài tập 02 của buổi 03 trong khóa \'Thiết kế cơ sở dữ liệu với MySQL\'.',513),(5123,'Bài tập 03: Viết hàm xử lý dữ liệu','Thực hiện yêu cầu bài tập 03 của buổi 03 trong khóa \'Thiết kế cơ sở dữ liệu với MySQL\'.',513),(5124,'Bài tập 04: Thiết kế cấu trúc dữ liệu phù hợp','Thực hiện yêu cầu bài tập 04 của buổi 03 trong khóa \'Thiết kế cơ sở dữ liệu với MySQL\'.',513),(5125,'Bài tập 05: Phân tích và tối ưu truy vấn','Thực hiện yêu cầu bài tập 05 của buổi 03 trong khóa \'Thiết kế cơ sở dữ liệu với MySQL\'.',513),(5126,'Bài tập 06: Xây dựng API cho chức năng chính','Thực hiện yêu cầu bài tập 06 của buổi 03 trong khóa \'Thiết kế cơ sở dữ liệu với MySQL\'.',513),(5127,'Bài tập 07: Viết test cho tình huống biên','Thực hiện yêu cầu bài tập 07 của buổi 03 trong khóa \'Thiết kế cơ sở dữ liệu với MySQL\'.',513),(5128,'Bài tập 08: Đọc log và tìm nguyên nhân lỗi','Thực hiện yêu cầu bài tập 08 của buổi 03 trong khóa \'Thiết kế cơ sở dữ liệu với MySQL\'.',513),(5129,'Bài tập 09: Hoàn thiện mini task theo yêu cầu','Thực hiện yêu cầu bài tập 09 của buổi 03 trong khóa \'Thiết kế cơ sở dữ liệu với MySQL\'.',513),(5130,'Bài tập 10: Tự đánh giá và đề xuất cải tiến','Thực hiện yêu cầu bài tập 10 của buổi 03 trong khóa \'Thiết kế cơ sở dữ liệu với MySQL\'.',513),(5131,'Bài tập 01: Trả lời câu hỏi ôn tập','Thực hiện yêu cầu bài tập 01 của buổi 04 trong khóa \'Thiết kế cơ sở dữ liệu với MySQL\'.',514),(5132,'Bài tập 02: Sửa lỗi đoạn mã mẫu','Thực hiện yêu cầu bài tập 02 của buổi 04 trong khóa \'Thiết kế cơ sở dữ liệu với MySQL\'.',514),(5133,'Bài tập 03: Viết hàm xử lý dữ liệu','Thực hiện yêu cầu bài tập 03 của buổi 04 trong khóa \'Thiết kế cơ sở dữ liệu với MySQL\'.',514),(5134,'Bài tập 04: Thiết kế cấu trúc dữ liệu phù hợp','Thực hiện yêu cầu bài tập 04 của buổi 04 trong khóa \'Thiết kế cơ sở dữ liệu với MySQL\'.',514),(5135,'Bài tập 05: Phân tích và tối ưu truy vấn','Thực hiện yêu cầu bài tập 05 của buổi 04 trong khóa \'Thiết kế cơ sở dữ liệu với MySQL\'.',514),(5136,'Bài tập 06: Xây dựng API cho chức năng chính','Thực hiện yêu cầu bài tập 06 của buổi 04 trong khóa \'Thiết kế cơ sở dữ liệu với MySQL\'.',514),(5137,'Bài tập 07: Viết test cho tình huống biên','Thực hiện yêu cầu bài tập 07 của buổi 04 trong khóa \'Thiết kế cơ sở dữ liệu với MySQL\'.',514),(5138,'Bài tập 08: Đọc log và tìm nguyên nhân lỗi','Thực hiện yêu cầu bài tập 08 của buổi 04 trong khóa \'Thiết kế cơ sở dữ liệu với MySQL\'.',514),(5139,'Bài tập 09: Hoàn thiện mini task theo yêu cầu','Thực hiện yêu cầu bài tập 09 của buổi 04 trong khóa \'Thiết kế cơ sở dữ liệu với MySQL\'.',514),(5140,'Bài tập 10: Tự đánh giá và đề xuất cải tiến','Thực hiện yêu cầu bài tập 10 của buổi 04 trong khóa \'Thiết kế cơ sở dữ liệu với MySQL\'.',514),(5141,'Bài tập 01: Trả lời câu hỏi ôn tập','Thực hiện yêu cầu bài tập 01 của buổi 05 trong khóa \'Thiết kế cơ sở dữ liệu với MySQL\'.',515),(5142,'Bài tập 02: Sửa lỗi đoạn mã mẫu','Thực hiện yêu cầu bài tập 02 của buổi 05 trong khóa \'Thiết kế cơ sở dữ liệu với MySQL\'.',515),(5143,'Bài tập 03: Viết hàm xử lý dữ liệu','Thực hiện yêu cầu bài tập 03 của buổi 05 trong khóa \'Thiết kế cơ sở dữ liệu với MySQL\'.',515),(5144,'Bài tập 04: Thiết kế cấu trúc dữ liệu phù hợp','Thực hiện yêu cầu bài tập 04 của buổi 05 trong khóa \'Thiết kế cơ sở dữ liệu với MySQL\'.',515),(5145,'Bài tập 05: Phân tích và tối ưu truy vấn','Thực hiện yêu cầu bài tập 05 của buổi 05 trong khóa \'Thiết kế cơ sở dữ liệu với MySQL\'.',515),(5146,'Bài tập 06: Xây dựng API cho chức năng chính','Thực hiện yêu cầu bài tập 06 của buổi 05 trong khóa \'Thiết kế cơ sở dữ liệu với MySQL\'.',515),(5147,'Bài tập 07: Viết test cho tình huống biên','Thực hiện yêu cầu bài tập 07 của buổi 05 trong khóa \'Thiết kế cơ sở dữ liệu với MySQL\'.',515),(5148,'Bài tập 08: Đọc log và tìm nguyên nhân lỗi','Thực hiện yêu cầu bài tập 08 của buổi 05 trong khóa \'Thiết kế cơ sở dữ liệu với MySQL\'.',515),(5149,'Bài tập 09: Hoàn thiện mini task theo yêu cầu','Thực hiện yêu cầu bài tập 09 của buổi 05 trong khóa \'Thiết kế cơ sở dữ liệu với MySQL\'.',515),(5150,'Bài tập 10: Tự đánh giá và đề xuất cải tiến','Thực hiện yêu cầu bài tập 10 của buổi 05 trong khóa \'Thiết kế cơ sở dữ liệu với MySQL\'.',515),(5151,'Bài tập 01: Trả lời câu hỏi ôn tập','Thực hiện yêu cầu bài tập 01 của buổi 06 trong khóa \'Thiết kế cơ sở dữ liệu với MySQL\'.',516),(5152,'Bài tập 02: Sửa lỗi đoạn mã mẫu','Thực hiện yêu cầu bài tập 02 của buổi 06 trong khóa \'Thiết kế cơ sở dữ liệu với MySQL\'.',516),(5153,'Bài tập 03: Viết hàm xử lý dữ liệu','Thực hiện yêu cầu bài tập 03 của buổi 06 trong khóa \'Thiết kế cơ sở dữ liệu với MySQL\'.',516),(5154,'Bài tập 04: Thiết kế cấu trúc dữ liệu phù hợp','Thực hiện yêu cầu bài tập 04 của buổi 06 trong khóa \'Thiết kế cơ sở dữ liệu với MySQL\'.',516),(5155,'Bài tập 05: Phân tích và tối ưu truy vấn','Thực hiện yêu cầu bài tập 05 của buổi 06 trong khóa \'Thiết kế cơ sở dữ liệu với MySQL\'.',516),(5156,'Bài tập 06: Xây dựng API cho chức năng chính','Thực hiện yêu cầu bài tập 06 của buổi 06 trong khóa \'Thiết kế cơ sở dữ liệu với MySQL\'.',516),(5157,'Bài tập 07: Viết test cho tình huống biên','Thực hiện yêu cầu bài tập 07 của buổi 06 trong khóa \'Thiết kế cơ sở dữ liệu với MySQL\'.',516),(5158,'Bài tập 08: Đọc log và tìm nguyên nhân lỗi','Thực hiện yêu cầu bài tập 08 của buổi 06 trong khóa \'Thiết kế cơ sở dữ liệu với MySQL\'.',516),(5159,'Bài tập 09: Hoàn thiện mini task theo yêu cầu','Thực hiện yêu cầu bài tập 09 của buổi 06 trong khóa \'Thiết kế cơ sở dữ liệu với MySQL\'.',516),(5160,'Bài tập 10: Tự đánh giá và đề xuất cải tiến','Thực hiện yêu cầu bài tập 10 của buổi 06 trong khóa \'Thiết kế cơ sở dữ liệu với MySQL\'.',516),(5161,'Bài tập 01: Trả lời câu hỏi ôn tập','Thực hiện yêu cầu bài tập 01 của buổi 07 trong khóa \'Thiết kế cơ sở dữ liệu với MySQL\'.',517),(5162,'Bài tập 02: Sửa lỗi đoạn mã mẫu','Thực hiện yêu cầu bài tập 02 của buổi 07 trong khóa \'Thiết kế cơ sở dữ liệu với MySQL\'.',517),(5163,'Bài tập 03: Viết hàm xử lý dữ liệu','Thực hiện yêu cầu bài tập 03 của buổi 07 trong khóa \'Thiết kế cơ sở dữ liệu với MySQL\'.',517),(5164,'Bài tập 04: Thiết kế cấu trúc dữ liệu phù hợp','Thực hiện yêu cầu bài tập 04 của buổi 07 trong khóa \'Thiết kế cơ sở dữ liệu với MySQL\'.',517),(5165,'Bài tập 05: Phân tích và tối ưu truy vấn','Thực hiện yêu cầu bài tập 05 của buổi 07 trong khóa \'Thiết kế cơ sở dữ liệu với MySQL\'.',517),(5166,'Bài tập 06: Xây dựng API cho chức năng chính','Thực hiện yêu cầu bài tập 06 của buổi 07 trong khóa \'Thiết kế cơ sở dữ liệu với MySQL\'.',517),(5167,'Bài tập 07: Viết test cho tình huống biên','Thực hiện yêu cầu bài tập 07 của buổi 07 trong khóa \'Thiết kế cơ sở dữ liệu với MySQL\'.',517),(5168,'Bài tập 08: Đọc log và tìm nguyên nhân lỗi','Thực hiện yêu cầu bài tập 08 của buổi 07 trong khóa \'Thiết kế cơ sở dữ liệu với MySQL\'.',517),(5169,'Bài tập 09: Hoàn thiện mini task theo yêu cầu','Thực hiện yêu cầu bài tập 09 của buổi 07 trong khóa \'Thiết kế cơ sở dữ liệu với MySQL\'.',517),(5170,'Bài tập 10: Tự đánh giá và đề xuất cải tiến','Thực hiện yêu cầu bài tập 10 của buổi 07 trong khóa \'Thiết kế cơ sở dữ liệu với MySQL\'.',517),(5171,'Bài tập 01: Trả lời câu hỏi ôn tập','Thực hiện yêu cầu bài tập 01 của buổi 08 trong khóa \'Thiết kế cơ sở dữ liệu với MySQL\'.',518),(5172,'Bài tập 02: Sửa lỗi đoạn mã mẫu','Thực hiện yêu cầu bài tập 02 của buổi 08 trong khóa \'Thiết kế cơ sở dữ liệu với MySQL\'.',518),(5173,'Bài tập 03: Viết hàm xử lý dữ liệu','Thực hiện yêu cầu bài tập 03 của buổi 08 trong khóa \'Thiết kế cơ sở dữ liệu với MySQL\'.',518),(5174,'Bài tập 04: Thiết kế cấu trúc dữ liệu phù hợp','Thực hiện yêu cầu bài tập 04 của buổi 08 trong khóa \'Thiết kế cơ sở dữ liệu với MySQL\'.',518),(5175,'Bài tập 05: Phân tích và tối ưu truy vấn','Thực hiện yêu cầu bài tập 05 của buổi 08 trong khóa \'Thiết kế cơ sở dữ liệu với MySQL\'.',518),(5176,'Bài tập 06: Xây dựng API cho chức năng chính','Thực hiện yêu cầu bài tập 06 của buổi 08 trong khóa \'Thiết kế cơ sở dữ liệu với MySQL\'.',518),(5177,'Bài tập 07: Viết test cho tình huống biên','Thực hiện yêu cầu bài tập 07 của buổi 08 trong khóa \'Thiết kế cơ sở dữ liệu với MySQL\'.',518),(5178,'Bài tập 08: Đọc log và tìm nguyên nhân lỗi','Thực hiện yêu cầu bài tập 08 của buổi 08 trong khóa \'Thiết kế cơ sở dữ liệu với MySQL\'.',518),(5179,'Bài tập 09: Hoàn thiện mini task theo yêu cầu','Thực hiện yêu cầu bài tập 09 của buổi 08 trong khóa \'Thiết kế cơ sở dữ liệu với MySQL\'.',518),(5180,'Bài tập 10: Tự đánh giá và đề xuất cải tiến','Thực hiện yêu cầu bài tập 10 của buổi 08 trong khóa \'Thiết kế cơ sở dữ liệu với MySQL\'.',518),(5181,'Bài tập 01: Trả lời câu hỏi ôn tập','Thực hiện yêu cầu bài tập 01 của buổi 09 trong khóa \'Thiết kế cơ sở dữ liệu với MySQL\'.',519),(5182,'Bài tập 02: Sửa lỗi đoạn mã mẫu','Thực hiện yêu cầu bài tập 02 của buổi 09 trong khóa \'Thiết kế cơ sở dữ liệu với MySQL\'.',519),(5183,'Bài tập 03: Viết hàm xử lý dữ liệu','Thực hiện yêu cầu bài tập 03 của buổi 09 trong khóa \'Thiết kế cơ sở dữ liệu với MySQL\'.',519),(5184,'Bài tập 04: Thiết kế cấu trúc dữ liệu phù hợp','Thực hiện yêu cầu bài tập 04 của buổi 09 trong khóa \'Thiết kế cơ sở dữ liệu với MySQL\'.',519),(5185,'Bài tập 05: Phân tích và tối ưu truy vấn','Thực hiện yêu cầu bài tập 05 của buổi 09 trong khóa \'Thiết kế cơ sở dữ liệu với MySQL\'.',519),(5186,'Bài tập 06: Xây dựng API cho chức năng chính','Thực hiện yêu cầu bài tập 06 của buổi 09 trong khóa \'Thiết kế cơ sở dữ liệu với MySQL\'.',519),(5187,'Bài tập 07: Viết test cho tình huống biên','Thực hiện yêu cầu bài tập 07 của buổi 09 trong khóa \'Thiết kế cơ sở dữ liệu với MySQL\'.',519),(5188,'Bài tập 08: Đọc log và tìm nguyên nhân lỗi','Thực hiện yêu cầu bài tập 08 của buổi 09 trong khóa \'Thiết kế cơ sở dữ liệu với MySQL\'.',519),(5189,'Bài tập 09: Hoàn thiện mini task theo yêu cầu','Thực hiện yêu cầu bài tập 09 của buổi 09 trong khóa \'Thiết kế cơ sở dữ liệu với MySQL\'.',519),(5190,'Bài tập 10: Tự đánh giá và đề xuất cải tiến','Thực hiện yêu cầu bài tập 10 của buổi 09 trong khóa \'Thiết kế cơ sở dữ liệu với MySQL\'.',519),(5191,'Bài tập 01: Trả lời câu hỏi ôn tập','Thực hiện yêu cầu bài tập 01 của buổi 10 trong khóa \'Thiết kế cơ sở dữ liệu với MySQL\'.',520),(5192,'Bài tập 02: Sửa lỗi đoạn mã mẫu','Thực hiện yêu cầu bài tập 02 của buổi 10 trong khóa \'Thiết kế cơ sở dữ liệu với MySQL\'.',520),(5193,'Bài tập 03: Viết hàm xử lý dữ liệu','Thực hiện yêu cầu bài tập 03 của buổi 10 trong khóa \'Thiết kế cơ sở dữ liệu với MySQL\'.',520),(5194,'Bài tập 04: Thiết kế cấu trúc dữ liệu phù hợp','Thực hiện yêu cầu bài tập 04 của buổi 10 trong khóa \'Thiết kế cơ sở dữ liệu với MySQL\'.',520),(5195,'Bài tập 05: Phân tích và tối ưu truy vấn','Thực hiện yêu cầu bài tập 05 của buổi 10 trong khóa \'Thiết kế cơ sở dữ liệu với MySQL\'.',520),(5196,'Bài tập 06: Xây dựng API cho chức năng chính','Thực hiện yêu cầu bài tập 06 của buổi 10 trong khóa \'Thiết kế cơ sở dữ liệu với MySQL\'.',520),(5197,'Bài tập 07: Viết test cho tình huống biên','Thực hiện yêu cầu bài tập 07 của buổi 10 trong khóa \'Thiết kế cơ sở dữ liệu với MySQL\'.',520),(5198,'Bài tập 08: Đọc log và tìm nguyên nhân lỗi','Thực hiện yêu cầu bài tập 08 của buổi 10 trong khóa \'Thiết kế cơ sở dữ liệu với MySQL\'.',520),(5199,'Bài tập 09: Hoàn thiện mini task theo yêu cầu','Thực hiện yêu cầu bài tập 09 của buổi 10 trong khóa \'Thiết kế cơ sở dữ liệu với MySQL\'.',520),(5200,'Bài tập 10: Tự đánh giá và đề xuất cải tiến','Thực hiện yêu cầu bài tập 10 của buổi 10 trong khóa \'Thiết kế cơ sở dữ liệu với MySQL\'.',520),(5201,'Bài tập 01: Trả lời câu hỏi ôn tập','Thực hiện yêu cầu bài tập 01 của buổi 01 trong khóa \'Xây dựng Django REST API từ A đến Z\'.',521),(5202,'Bài tập 02: Sửa lỗi đoạn mã mẫu','Thực hiện yêu cầu bài tập 02 của buổi 01 trong khóa \'Xây dựng Django REST API từ A đến Z\'.',521),(5203,'Bài tập 03: Viết hàm xử lý dữ liệu','Thực hiện yêu cầu bài tập 03 của buổi 01 trong khóa \'Xây dựng Django REST API từ A đến Z\'.',521),(5204,'Bài tập 04: Thiết kế cấu trúc dữ liệu phù hợp','Thực hiện yêu cầu bài tập 04 của buổi 01 trong khóa \'Xây dựng Django REST API từ A đến Z\'.',521),(5205,'Bài tập 05: Phân tích và tối ưu truy vấn','Thực hiện yêu cầu bài tập 05 của buổi 01 trong khóa \'Xây dựng Django REST API từ A đến Z\'.',521),(5206,'Bài tập 06: Xây dựng API cho chức năng chính','Thực hiện yêu cầu bài tập 06 của buổi 01 trong khóa \'Xây dựng Django REST API từ A đến Z\'.',521),(5207,'Bài tập 07: Viết test cho tình huống biên','Thực hiện yêu cầu bài tập 07 của buổi 01 trong khóa \'Xây dựng Django REST API từ A đến Z\'.',521),(5208,'Bài tập 08: Đọc log và tìm nguyên nhân lỗi','Thực hiện yêu cầu bài tập 08 của buổi 01 trong khóa \'Xây dựng Django REST API từ A đến Z\'.',521),(5209,'Bài tập 09: Hoàn thiện mini task theo yêu cầu','Thực hiện yêu cầu bài tập 09 của buổi 01 trong khóa \'Xây dựng Django REST API từ A đến Z\'.',521),(5210,'Bài tập 10: Tự đánh giá và đề xuất cải tiến','Thực hiện yêu cầu bài tập 10 của buổi 01 trong khóa \'Xây dựng Django REST API từ A đến Z\'.',521),(5211,'Bài tập 01: Trả lời câu hỏi ôn tập','Thực hiện yêu cầu bài tập 01 của buổi 02 trong khóa \'Xây dựng Django REST API từ A đến Z\'.',522),(5212,'Bài tập 02: Sửa lỗi đoạn mã mẫu','Thực hiện yêu cầu bài tập 02 của buổi 02 trong khóa \'Xây dựng Django REST API từ A đến Z\'.',522),(5213,'Bài tập 03: Viết hàm xử lý dữ liệu','Thực hiện yêu cầu bài tập 03 của buổi 02 trong khóa \'Xây dựng Django REST API từ A đến Z\'.',522),(5214,'Bài tập 04: Thiết kế cấu trúc dữ liệu phù hợp','Thực hiện yêu cầu bài tập 04 của buổi 02 trong khóa \'Xây dựng Django REST API từ A đến Z\'.',522),(5215,'Bài tập 05: Phân tích và tối ưu truy vấn','Thực hiện yêu cầu bài tập 05 của buổi 02 trong khóa \'Xây dựng Django REST API từ A đến Z\'.',522),(5216,'Bài tập 06: Xây dựng API cho chức năng chính','Thực hiện yêu cầu bài tập 06 của buổi 02 trong khóa \'Xây dựng Django REST API từ A đến Z\'.',522),(5217,'Bài tập 07: Viết test cho tình huống biên','Thực hiện yêu cầu bài tập 07 của buổi 02 trong khóa \'Xây dựng Django REST API từ A đến Z\'.',522),(5218,'Bài tập 08: Đọc log và tìm nguyên nhân lỗi','Thực hiện yêu cầu bài tập 08 của buổi 02 trong khóa \'Xây dựng Django REST API từ A đến Z\'.',522),(5219,'Bài tập 09: Hoàn thiện mini task theo yêu cầu','Thực hiện yêu cầu bài tập 09 của buổi 02 trong khóa \'Xây dựng Django REST API từ A đến Z\'.',522),(5220,'Bài tập 10: Tự đánh giá và đề xuất cải tiến','Thực hiện yêu cầu bài tập 10 của buổi 02 trong khóa \'Xây dựng Django REST API từ A đến Z\'.',522),(5221,'Bài tập 01: Trả lời câu hỏi ôn tập','Thực hiện yêu cầu bài tập 01 của buổi 03 trong khóa \'Xây dựng Django REST API từ A đến Z\'.',523),(5222,'Bài tập 02: Sửa lỗi đoạn mã mẫu','Thực hiện yêu cầu bài tập 02 của buổi 03 trong khóa \'Xây dựng Django REST API từ A đến Z\'.',523),(5223,'Bài tập 03: Viết hàm xử lý dữ liệu','Thực hiện yêu cầu bài tập 03 của buổi 03 trong khóa \'Xây dựng Django REST API từ A đến Z\'.',523),(5224,'Bài tập 04: Thiết kế cấu trúc dữ liệu phù hợp','Thực hiện yêu cầu bài tập 04 của buổi 03 trong khóa \'Xây dựng Django REST API từ A đến Z\'.',523),(5225,'Bài tập 05: Phân tích và tối ưu truy vấn','Thực hiện yêu cầu bài tập 05 của buổi 03 trong khóa \'Xây dựng Django REST API từ A đến Z\'.',523),(5226,'Bài tập 06: Xây dựng API cho chức năng chính','Thực hiện yêu cầu bài tập 06 của buổi 03 trong khóa \'Xây dựng Django REST API từ A đến Z\'.',523),(5227,'Bài tập 07: Viết test cho tình huống biên','Thực hiện yêu cầu bài tập 07 của buổi 03 trong khóa \'Xây dựng Django REST API từ A đến Z\'.',523),(5228,'Bài tập 08: Đọc log và tìm nguyên nhân lỗi','Thực hiện yêu cầu bài tập 08 của buổi 03 trong khóa \'Xây dựng Django REST API từ A đến Z\'.',523),(5229,'Bài tập 09: Hoàn thiện mini task theo yêu cầu','Thực hiện yêu cầu bài tập 09 của buổi 03 trong khóa \'Xây dựng Django REST API từ A đến Z\'.',523),(5230,'Bài tập 10: Tự đánh giá và đề xuất cải tiến','Thực hiện yêu cầu bài tập 10 của buổi 03 trong khóa \'Xây dựng Django REST API từ A đến Z\'.',523),(5231,'Bài tập 01: Trả lời câu hỏi ôn tập','Thực hiện yêu cầu bài tập 01 của buổi 04 trong khóa \'Xây dựng Django REST API từ A đến Z\'.',524),(5232,'Bài tập 02: Sửa lỗi đoạn mã mẫu','Thực hiện yêu cầu bài tập 02 của buổi 04 trong khóa \'Xây dựng Django REST API từ A đến Z\'.',524),(5233,'Bài tập 03: Viết hàm xử lý dữ liệu','Thực hiện yêu cầu bài tập 03 của buổi 04 trong khóa \'Xây dựng Django REST API từ A đến Z\'.',524),(5234,'Bài tập 04: Thiết kế cấu trúc dữ liệu phù hợp','Thực hiện yêu cầu bài tập 04 của buổi 04 trong khóa \'Xây dựng Django REST API từ A đến Z\'.',524),(5235,'Bài tập 05: Phân tích và tối ưu truy vấn','Thực hiện yêu cầu bài tập 05 của buổi 04 trong khóa \'Xây dựng Django REST API từ A đến Z\'.',524),(5236,'Bài tập 06: Xây dựng API cho chức năng chính','Thực hiện yêu cầu bài tập 06 của buổi 04 trong khóa \'Xây dựng Django REST API từ A đến Z\'.',524),(5237,'Bài tập 07: Viết test cho tình huống biên','Thực hiện yêu cầu bài tập 07 của buổi 04 trong khóa \'Xây dựng Django REST API từ A đến Z\'.',524),(5238,'Bài tập 08: Đọc log và tìm nguyên nhân lỗi','Thực hiện yêu cầu bài tập 08 của buổi 04 trong khóa \'Xây dựng Django REST API từ A đến Z\'.',524),(5239,'Bài tập 09: Hoàn thiện mini task theo yêu cầu','Thực hiện yêu cầu bài tập 09 của buổi 04 trong khóa \'Xây dựng Django REST API từ A đến Z\'.',524),(5240,'Bài tập 10: Tự đánh giá và đề xuất cải tiến','Thực hiện yêu cầu bài tập 10 của buổi 04 trong khóa \'Xây dựng Django REST API từ A đến Z\'.',524),(5241,'Bài tập 01: Trả lời câu hỏi ôn tập','Thực hiện yêu cầu bài tập 01 của buổi 05 trong khóa \'Xây dựng Django REST API từ A đến Z\'.',525),(5242,'Bài tập 02: Sửa lỗi đoạn mã mẫu','Thực hiện yêu cầu bài tập 02 của buổi 05 trong khóa \'Xây dựng Django REST API từ A đến Z\'.',525),(5243,'Bài tập 03: Viết hàm xử lý dữ liệu','Thực hiện yêu cầu bài tập 03 của buổi 05 trong khóa \'Xây dựng Django REST API từ A đến Z\'.',525),(5244,'Bài tập 04: Thiết kế cấu trúc dữ liệu phù hợp','Thực hiện yêu cầu bài tập 04 của buổi 05 trong khóa \'Xây dựng Django REST API từ A đến Z\'.',525),(5245,'Bài tập 05: Phân tích và tối ưu truy vấn','Thực hiện yêu cầu bài tập 05 của buổi 05 trong khóa \'Xây dựng Django REST API từ A đến Z\'.',525),(5246,'Bài tập 06: Xây dựng API cho chức năng chính','Thực hiện yêu cầu bài tập 06 của buổi 05 trong khóa \'Xây dựng Django REST API từ A đến Z\'.',525),(5247,'Bài tập 07: Viết test cho tình huống biên','Thực hiện yêu cầu bài tập 07 của buổi 05 trong khóa \'Xây dựng Django REST API từ A đến Z\'.',525),(5248,'Bài tập 08: Đọc log và tìm nguyên nhân lỗi','Thực hiện yêu cầu bài tập 08 của buổi 05 trong khóa \'Xây dựng Django REST API từ A đến Z\'.',525),(5249,'Bài tập 09: Hoàn thiện mini task theo yêu cầu','Thực hiện yêu cầu bài tập 09 của buổi 05 trong khóa \'Xây dựng Django REST API từ A đến Z\'.',525),(5250,'Bài tập 10: Tự đánh giá và đề xuất cải tiến','Thực hiện yêu cầu bài tập 10 của buổi 05 trong khóa \'Xây dựng Django REST API từ A đến Z\'.',525),(5251,'Bài tập 01: Trả lời câu hỏi ôn tập','Thực hiện yêu cầu bài tập 01 của buổi 06 trong khóa \'Xây dựng Django REST API từ A đến Z\'.',526),(5252,'Bài tập 02: Sửa lỗi đoạn mã mẫu','Thực hiện yêu cầu bài tập 02 của buổi 06 trong khóa \'Xây dựng Django REST API từ A đến Z\'.',526),(5253,'Bài tập 03: Viết hàm xử lý dữ liệu','Thực hiện yêu cầu bài tập 03 của buổi 06 trong khóa \'Xây dựng Django REST API từ A đến Z\'.',526),(5254,'Bài tập 04: Thiết kế cấu trúc dữ liệu phù hợp','Thực hiện yêu cầu bài tập 04 của buổi 06 trong khóa \'Xây dựng Django REST API từ A đến Z\'.',526),(5255,'Bài tập 05: Phân tích và tối ưu truy vấn','Thực hiện yêu cầu bài tập 05 của buổi 06 trong khóa \'Xây dựng Django REST API từ A đến Z\'.',526),(5256,'Bài tập 06: Xây dựng API cho chức năng chính','Thực hiện yêu cầu bài tập 06 của buổi 06 trong khóa \'Xây dựng Django REST API từ A đến Z\'.',526),(5257,'Bài tập 07: Viết test cho tình huống biên','Thực hiện yêu cầu bài tập 07 của buổi 06 trong khóa \'Xây dựng Django REST API từ A đến Z\'.',526),(5258,'Bài tập 08: Đọc log và tìm nguyên nhân lỗi','Thực hiện yêu cầu bài tập 08 của buổi 06 trong khóa \'Xây dựng Django REST API từ A đến Z\'.',526),(5259,'Bài tập 09: Hoàn thiện mini task theo yêu cầu','Thực hiện yêu cầu bài tập 09 của buổi 06 trong khóa \'Xây dựng Django REST API từ A đến Z\'.',526),(5260,'Bài tập 10: Tự đánh giá và đề xuất cải tiến','Thực hiện yêu cầu bài tập 10 của buổi 06 trong khóa \'Xây dựng Django REST API từ A đến Z\'.',526),(5261,'Bài tập 01: Trả lời câu hỏi ôn tập','Thực hiện yêu cầu bài tập 01 của buổi 07 trong khóa \'Xây dựng Django REST API từ A đến Z\'.',527),(5262,'Bài tập 02: Sửa lỗi đoạn mã mẫu','Thực hiện yêu cầu bài tập 02 của buổi 07 trong khóa \'Xây dựng Django REST API từ A đến Z\'.',527),(5263,'Bài tập 03: Viết hàm xử lý dữ liệu','Thực hiện yêu cầu bài tập 03 của buổi 07 trong khóa \'Xây dựng Django REST API từ A đến Z\'.',527),(5264,'Bài tập 04: Thiết kế cấu trúc dữ liệu phù hợp','Thực hiện yêu cầu bài tập 04 của buổi 07 trong khóa \'Xây dựng Django REST API từ A đến Z\'.',527),(5265,'Bài tập 05: Phân tích và tối ưu truy vấn','Thực hiện yêu cầu bài tập 05 của buổi 07 trong khóa \'Xây dựng Django REST API từ A đến Z\'.',527),(5266,'Bài tập 06: Xây dựng API cho chức năng chính','Thực hiện yêu cầu bài tập 06 của buổi 07 trong khóa \'Xây dựng Django REST API từ A đến Z\'.',527),(5267,'Bài tập 07: Viết test cho tình huống biên','Thực hiện yêu cầu bài tập 07 của buổi 07 trong khóa \'Xây dựng Django REST API từ A đến Z\'.',527),(5268,'Bài tập 08: Đọc log và tìm nguyên nhân lỗi','Thực hiện yêu cầu bài tập 08 của buổi 07 trong khóa \'Xây dựng Django REST API từ A đến Z\'.',527),(5269,'Bài tập 09: Hoàn thiện mini task theo yêu cầu','Thực hiện yêu cầu bài tập 09 của buổi 07 trong khóa \'Xây dựng Django REST API từ A đến Z\'.',527),(5270,'Bài tập 10: Tự đánh giá và đề xuất cải tiến','Thực hiện yêu cầu bài tập 10 của buổi 07 trong khóa \'Xây dựng Django REST API từ A đến Z\'.',527),(5271,'Bài tập 01: Trả lời câu hỏi ôn tập','Thực hiện yêu cầu bài tập 01 của buổi 08 trong khóa \'Xây dựng Django REST API từ A đến Z\'.',528),(5272,'Bài tập 02: Sửa lỗi đoạn mã mẫu','Thực hiện yêu cầu bài tập 02 của buổi 08 trong khóa \'Xây dựng Django REST API từ A đến Z\'.',528),(5273,'Bài tập 03: Viết hàm xử lý dữ liệu','Thực hiện yêu cầu bài tập 03 của buổi 08 trong khóa \'Xây dựng Django REST API từ A đến Z\'.',528),(5274,'Bài tập 04: Thiết kế cấu trúc dữ liệu phù hợp','Thực hiện yêu cầu bài tập 04 của buổi 08 trong khóa \'Xây dựng Django REST API từ A đến Z\'.',528),(5275,'Bài tập 05: Phân tích và tối ưu truy vấn','Thực hiện yêu cầu bài tập 05 của buổi 08 trong khóa \'Xây dựng Django REST API từ A đến Z\'.',528),(5276,'Bài tập 06: Xây dựng API cho chức năng chính','Thực hiện yêu cầu bài tập 06 của buổi 08 trong khóa \'Xây dựng Django REST API từ A đến Z\'.',528),(5277,'Bài tập 07: Viết test cho tình huống biên','Thực hiện yêu cầu bài tập 07 của buổi 08 trong khóa \'Xây dựng Django REST API từ A đến Z\'.',528),(5278,'Bài tập 08: Đọc log và tìm nguyên nhân lỗi','Thực hiện yêu cầu bài tập 08 của buổi 08 trong khóa \'Xây dựng Django REST API từ A đến Z\'.',528),(5279,'Bài tập 09: Hoàn thiện mini task theo yêu cầu','Thực hiện yêu cầu bài tập 09 của buổi 08 trong khóa \'Xây dựng Django REST API từ A đến Z\'.',528),(5280,'Bài tập 10: Tự đánh giá và đề xuất cải tiến','Thực hiện yêu cầu bài tập 10 của buổi 08 trong khóa \'Xây dựng Django REST API từ A đến Z\'.',528),(5281,'Bài tập 01: Trả lời câu hỏi ôn tập','Thực hiện yêu cầu bài tập 01 của buổi 09 trong khóa \'Xây dựng Django REST API từ A đến Z\'.',529),(5282,'Bài tập 02: Sửa lỗi đoạn mã mẫu','Thực hiện yêu cầu bài tập 02 của buổi 09 trong khóa \'Xây dựng Django REST API từ A đến Z\'.',529),(5283,'Bài tập 03: Viết hàm xử lý dữ liệu','Thực hiện yêu cầu bài tập 03 của buổi 09 trong khóa \'Xây dựng Django REST API từ A đến Z\'.',529),(5284,'Bài tập 04: Thiết kế cấu trúc dữ liệu phù hợp','Thực hiện yêu cầu bài tập 04 của buổi 09 trong khóa \'Xây dựng Django REST API từ A đến Z\'.',529),(5285,'Bài tập 05: Phân tích và tối ưu truy vấn','Thực hiện yêu cầu bài tập 05 của buổi 09 trong khóa \'Xây dựng Django REST API từ A đến Z\'.',529),(5286,'Bài tập 06: Xây dựng API cho chức năng chính','Thực hiện yêu cầu bài tập 06 của buổi 09 trong khóa \'Xây dựng Django REST API từ A đến Z\'.',529),(5287,'Bài tập 07: Viết test cho tình huống biên','Thực hiện yêu cầu bài tập 07 của buổi 09 trong khóa \'Xây dựng Django REST API từ A đến Z\'.',529),(5288,'Bài tập 08: Đọc log và tìm nguyên nhân lỗi','Thực hiện yêu cầu bài tập 08 của buổi 09 trong khóa \'Xây dựng Django REST API từ A đến Z\'.',529),(5289,'Bài tập 09: Hoàn thiện mini task theo yêu cầu','Thực hiện yêu cầu bài tập 09 của buổi 09 trong khóa \'Xây dựng Django REST API từ A đến Z\'.',529),(5290,'Bài tập 10: Tự đánh giá và đề xuất cải tiến','Thực hiện yêu cầu bài tập 10 của buổi 09 trong khóa \'Xây dựng Django REST API từ A đến Z\'.',529),(5291,'Bài tập 01: Trả lời câu hỏi ôn tập','Thực hiện yêu cầu bài tập 01 của buổi 10 trong khóa \'Xây dựng Django REST API từ A đến Z\'.',530),(5292,'Bài tập 02: Sửa lỗi đoạn mã mẫu','Thực hiện yêu cầu bài tập 02 của buổi 10 trong khóa \'Xây dựng Django REST API từ A đến Z\'.',530),(5293,'Bài tập 03: Viết hàm xử lý dữ liệu','Thực hiện yêu cầu bài tập 03 của buổi 10 trong khóa \'Xây dựng Django REST API từ A đến Z\'.',530),(5294,'Bài tập 04: Thiết kế cấu trúc dữ liệu phù hợp','Thực hiện yêu cầu bài tập 04 của buổi 10 trong khóa \'Xây dựng Django REST API từ A đến Z\'.',530),(5295,'Bài tập 05: Phân tích và tối ưu truy vấn','Thực hiện yêu cầu bài tập 05 của buổi 10 trong khóa \'Xây dựng Django REST API từ A đến Z\'.',530),(5296,'Bài tập 06: Xây dựng API cho chức năng chính','Thực hiện yêu cầu bài tập 06 của buổi 10 trong khóa \'Xây dựng Django REST API từ A đến Z\'.',530),(5297,'Bài tập 07: Viết test cho tình huống biên','Thực hiện yêu cầu bài tập 07 của buổi 10 trong khóa \'Xây dựng Django REST API từ A đến Z\'.',530),(5298,'Bài tập 08: Đọc log và tìm nguyên nhân lỗi','Thực hiện yêu cầu bài tập 08 của buổi 10 trong khóa \'Xây dựng Django REST API từ A đến Z\'.',530),(5299,'Bài tập 09: Hoàn thiện mini task theo yêu cầu','Thực hiện yêu cầu bài tập 09 của buổi 10 trong khóa \'Xây dựng Django REST API từ A đến Z\'.',530),(5300,'Bài tập 10: Tự đánh giá và đề xuất cải tiến','Thực hiện yêu cầu bài tập 10 của buổi 10 trong khóa \'Xây dựng Django REST API từ A đến Z\'.',530),(5301,'Bài tập 01: Trả lời câu hỏi ôn tập','Thực hiện yêu cầu bài tập 01 của buổi 01 trong khóa \'Kiểm thử phần mềm thực chiến\'.',531),(5302,'Bài tập 02: Sửa lỗi đoạn mã mẫu','Thực hiện yêu cầu bài tập 02 của buổi 01 trong khóa \'Kiểm thử phần mềm thực chiến\'.',531),(5303,'Bài tập 03: Viết hàm xử lý dữ liệu','Thực hiện yêu cầu bài tập 03 của buổi 01 trong khóa \'Kiểm thử phần mềm thực chiến\'.',531),(5304,'Bài tập 04: Thiết kế cấu trúc dữ liệu phù hợp','Thực hiện yêu cầu bài tập 04 của buổi 01 trong khóa \'Kiểm thử phần mềm thực chiến\'.',531),(5305,'Bài tập 05: Phân tích và tối ưu truy vấn','Thực hiện yêu cầu bài tập 05 của buổi 01 trong khóa \'Kiểm thử phần mềm thực chiến\'.',531),(5306,'Bài tập 06: Xây dựng API cho chức năng chính','Thực hiện yêu cầu bài tập 06 của buổi 01 trong khóa \'Kiểm thử phần mềm thực chiến\'.',531),(5307,'Bài tập 07: Viết test cho tình huống biên','Thực hiện yêu cầu bài tập 07 của buổi 01 trong khóa \'Kiểm thử phần mềm thực chiến\'.',531),(5308,'Bài tập 08: Đọc log và tìm nguyên nhân lỗi','Thực hiện yêu cầu bài tập 08 của buổi 01 trong khóa \'Kiểm thử phần mềm thực chiến\'.',531),(5309,'Bài tập 09: Hoàn thiện mini task theo yêu cầu','Thực hiện yêu cầu bài tập 09 của buổi 01 trong khóa \'Kiểm thử phần mềm thực chiến\'.',531),(5310,'Bài tập 10: Tự đánh giá và đề xuất cải tiến','Thực hiện yêu cầu bài tập 10 của buổi 01 trong khóa \'Kiểm thử phần mềm thực chiến\'.',531),(5311,'Bài tập 01: Trả lời câu hỏi ôn tập','Thực hiện yêu cầu bài tập 01 của buổi 02 trong khóa \'Kiểm thử phần mềm thực chiến\'.',532),(5312,'Bài tập 02: Sửa lỗi đoạn mã mẫu','Thực hiện yêu cầu bài tập 02 của buổi 02 trong khóa \'Kiểm thử phần mềm thực chiến\'.',532),(5313,'Bài tập 03: Viết hàm xử lý dữ liệu','Thực hiện yêu cầu bài tập 03 của buổi 02 trong khóa \'Kiểm thử phần mềm thực chiến\'.',532),(5314,'Bài tập 04: Thiết kế cấu trúc dữ liệu phù hợp','Thực hiện yêu cầu bài tập 04 của buổi 02 trong khóa \'Kiểm thử phần mềm thực chiến\'.',532),(5315,'Bài tập 05: Phân tích và tối ưu truy vấn','Thực hiện yêu cầu bài tập 05 của buổi 02 trong khóa \'Kiểm thử phần mềm thực chiến\'.',532),(5316,'Bài tập 06: Xây dựng API cho chức năng chính','Thực hiện yêu cầu bài tập 06 của buổi 02 trong khóa \'Kiểm thử phần mềm thực chiến\'.',532),(5317,'Bài tập 07: Viết test cho tình huống biên','Thực hiện yêu cầu bài tập 07 của buổi 02 trong khóa \'Kiểm thử phần mềm thực chiến\'.',532),(5318,'Bài tập 08: Đọc log và tìm nguyên nhân lỗi','Thực hiện yêu cầu bài tập 08 của buổi 02 trong khóa \'Kiểm thử phần mềm thực chiến\'.',532),(5319,'Bài tập 09: Hoàn thiện mini task theo yêu cầu','Thực hiện yêu cầu bài tập 09 của buổi 02 trong khóa \'Kiểm thử phần mềm thực chiến\'.',532),(5320,'Bài tập 10: Tự đánh giá và đề xuất cải tiến','Thực hiện yêu cầu bài tập 10 của buổi 02 trong khóa \'Kiểm thử phần mềm thực chiến\'.',532),(5321,'Bài tập 01: Trả lời câu hỏi ôn tập','Thực hiện yêu cầu bài tập 01 của buổi 03 trong khóa \'Kiểm thử phần mềm thực chiến\'.',533),(5322,'Bài tập 02: Sửa lỗi đoạn mã mẫu','Thực hiện yêu cầu bài tập 02 của buổi 03 trong khóa \'Kiểm thử phần mềm thực chiến\'.',533),(5323,'Bài tập 03: Viết hàm xử lý dữ liệu','Thực hiện yêu cầu bài tập 03 của buổi 03 trong khóa \'Kiểm thử phần mềm thực chiến\'.',533),(5324,'Bài tập 04: Thiết kế cấu trúc dữ liệu phù hợp','Thực hiện yêu cầu bài tập 04 của buổi 03 trong khóa \'Kiểm thử phần mềm thực chiến\'.',533),(5325,'Bài tập 05: Phân tích và tối ưu truy vấn','Thực hiện yêu cầu bài tập 05 của buổi 03 trong khóa \'Kiểm thử phần mềm thực chiến\'.',533),(5326,'Bài tập 06: Xây dựng API cho chức năng chính','Thực hiện yêu cầu bài tập 06 của buổi 03 trong khóa \'Kiểm thử phần mềm thực chiến\'.',533),(5327,'Bài tập 07: Viết test cho tình huống biên','Thực hiện yêu cầu bài tập 07 của buổi 03 trong khóa \'Kiểm thử phần mềm thực chiến\'.',533),(5328,'Bài tập 08: Đọc log và tìm nguyên nhân lỗi','Thực hiện yêu cầu bài tập 08 của buổi 03 trong khóa \'Kiểm thử phần mềm thực chiến\'.',533),(5329,'Bài tập 09: Hoàn thiện mini task theo yêu cầu','Thực hiện yêu cầu bài tập 09 của buổi 03 trong khóa \'Kiểm thử phần mềm thực chiến\'.',533),(5330,'Bài tập 10: Tự đánh giá và đề xuất cải tiến','Thực hiện yêu cầu bài tập 10 của buổi 03 trong khóa \'Kiểm thử phần mềm thực chiến\'.',533),(5331,'Bài tập 01: Trả lời câu hỏi ôn tập','Thực hiện yêu cầu bài tập 01 của buổi 04 trong khóa \'Kiểm thử phần mềm thực chiến\'.',534),(5332,'Bài tập 02: Sửa lỗi đoạn mã mẫu','Thực hiện yêu cầu bài tập 02 của buổi 04 trong khóa \'Kiểm thử phần mềm thực chiến\'.',534),(5333,'Bài tập 03: Viết hàm xử lý dữ liệu','Thực hiện yêu cầu bài tập 03 của buổi 04 trong khóa \'Kiểm thử phần mềm thực chiến\'.',534),(5334,'Bài tập 04: Thiết kế cấu trúc dữ liệu phù hợp','Thực hiện yêu cầu bài tập 04 của buổi 04 trong khóa \'Kiểm thử phần mềm thực chiến\'.',534),(5335,'Bài tập 05: Phân tích và tối ưu truy vấn','Thực hiện yêu cầu bài tập 05 của buổi 04 trong khóa \'Kiểm thử phần mềm thực chiến\'.',534),(5336,'Bài tập 06: Xây dựng API cho chức năng chính','Thực hiện yêu cầu bài tập 06 của buổi 04 trong khóa \'Kiểm thử phần mềm thực chiến\'.',534),(5337,'Bài tập 07: Viết test cho tình huống biên','Thực hiện yêu cầu bài tập 07 của buổi 04 trong khóa \'Kiểm thử phần mềm thực chiến\'.',534),(5338,'Bài tập 08: Đọc log và tìm nguyên nhân lỗi','Thực hiện yêu cầu bài tập 08 của buổi 04 trong khóa \'Kiểm thử phần mềm thực chiến\'.',534),(5339,'Bài tập 09: Hoàn thiện mini task theo yêu cầu','Thực hiện yêu cầu bài tập 09 của buổi 04 trong khóa \'Kiểm thử phần mềm thực chiến\'.',534),(5340,'Bài tập 10: Tự đánh giá và đề xuất cải tiến','Thực hiện yêu cầu bài tập 10 của buổi 04 trong khóa \'Kiểm thử phần mềm thực chiến\'.',534),(5341,'Bài tập 01: Trả lời câu hỏi ôn tập','Thực hiện yêu cầu bài tập 01 của buổi 05 trong khóa \'Kiểm thử phần mềm thực chiến\'.',535),(5342,'Bài tập 02: Sửa lỗi đoạn mã mẫu','Thực hiện yêu cầu bài tập 02 của buổi 05 trong khóa \'Kiểm thử phần mềm thực chiến\'.',535),(5343,'Bài tập 03: Viết hàm xử lý dữ liệu','Thực hiện yêu cầu bài tập 03 của buổi 05 trong khóa \'Kiểm thử phần mềm thực chiến\'.',535),(5344,'Bài tập 04: Thiết kế cấu trúc dữ liệu phù hợp','Thực hiện yêu cầu bài tập 04 của buổi 05 trong khóa \'Kiểm thử phần mềm thực chiến\'.',535),(5345,'Bài tập 05: Phân tích và tối ưu truy vấn','Thực hiện yêu cầu bài tập 05 của buổi 05 trong khóa \'Kiểm thử phần mềm thực chiến\'.',535),(5346,'Bài tập 06: Xây dựng API cho chức năng chính','Thực hiện yêu cầu bài tập 06 của buổi 05 trong khóa \'Kiểm thử phần mềm thực chiến\'.',535),(5347,'Bài tập 07: Viết test cho tình huống biên','Thực hiện yêu cầu bài tập 07 của buổi 05 trong khóa \'Kiểm thử phần mềm thực chiến\'.',535),(5348,'Bài tập 08: Đọc log và tìm nguyên nhân lỗi','Thực hiện yêu cầu bài tập 08 của buổi 05 trong khóa \'Kiểm thử phần mềm thực chiến\'.',535),(5349,'Bài tập 09: Hoàn thiện mini task theo yêu cầu','Thực hiện yêu cầu bài tập 09 của buổi 05 trong khóa \'Kiểm thử phần mềm thực chiến\'.',535),(5350,'Bài tập 10: Tự đánh giá và đề xuất cải tiến','Thực hiện yêu cầu bài tập 10 của buổi 05 trong khóa \'Kiểm thử phần mềm thực chiến\'.',535),(5351,'Bài tập 01: Trả lời câu hỏi ôn tập','Thực hiện yêu cầu bài tập 01 của buổi 06 trong khóa \'Kiểm thử phần mềm thực chiến\'.',536),(5352,'Bài tập 02: Sửa lỗi đoạn mã mẫu','Thực hiện yêu cầu bài tập 02 của buổi 06 trong khóa \'Kiểm thử phần mềm thực chiến\'.',536),(5353,'Bài tập 03: Viết hàm xử lý dữ liệu','Thực hiện yêu cầu bài tập 03 của buổi 06 trong khóa \'Kiểm thử phần mềm thực chiến\'.',536),(5354,'Bài tập 04: Thiết kế cấu trúc dữ liệu phù hợp','Thực hiện yêu cầu bài tập 04 của buổi 06 trong khóa \'Kiểm thử phần mềm thực chiến\'.',536),(5355,'Bài tập 05: Phân tích và tối ưu truy vấn','Thực hiện yêu cầu bài tập 05 của buổi 06 trong khóa \'Kiểm thử phần mềm thực chiến\'.',536),(5356,'Bài tập 06: Xây dựng API cho chức năng chính','Thực hiện yêu cầu bài tập 06 của buổi 06 trong khóa \'Kiểm thử phần mềm thực chiến\'.',536),(5357,'Bài tập 07: Viết test cho tình huống biên','Thực hiện yêu cầu bài tập 07 của buổi 06 trong khóa \'Kiểm thử phần mềm thực chiến\'.',536),(5358,'Bài tập 08: Đọc log và tìm nguyên nhân lỗi','Thực hiện yêu cầu bài tập 08 của buổi 06 trong khóa \'Kiểm thử phần mềm thực chiến\'.',536),(5359,'Bài tập 09: Hoàn thiện mini task theo yêu cầu','Thực hiện yêu cầu bài tập 09 của buổi 06 trong khóa \'Kiểm thử phần mềm thực chiến\'.',536),(5360,'Bài tập 10: Tự đánh giá và đề xuất cải tiến','Thực hiện yêu cầu bài tập 10 của buổi 06 trong khóa \'Kiểm thử phần mềm thực chiến\'.',536),(5361,'Bài tập 01: Trả lời câu hỏi ôn tập','Thực hiện yêu cầu bài tập 01 của buổi 07 trong khóa \'Kiểm thử phần mềm thực chiến\'.',537),(5362,'Bài tập 02: Sửa lỗi đoạn mã mẫu','Thực hiện yêu cầu bài tập 02 của buổi 07 trong khóa \'Kiểm thử phần mềm thực chiến\'.',537),(5363,'Bài tập 03: Viết hàm xử lý dữ liệu','Thực hiện yêu cầu bài tập 03 của buổi 07 trong khóa \'Kiểm thử phần mềm thực chiến\'.',537),(5364,'Bài tập 04: Thiết kế cấu trúc dữ liệu phù hợp','Thực hiện yêu cầu bài tập 04 của buổi 07 trong khóa \'Kiểm thử phần mềm thực chiến\'.',537),(5365,'Bài tập 05: Phân tích và tối ưu truy vấn','Thực hiện yêu cầu bài tập 05 của buổi 07 trong khóa \'Kiểm thử phần mềm thực chiến\'.',537),(5366,'Bài tập 06: Xây dựng API cho chức năng chính','Thực hiện yêu cầu bài tập 06 của buổi 07 trong khóa \'Kiểm thử phần mềm thực chiến\'.',537),(5367,'Bài tập 07: Viết test cho tình huống biên','Thực hiện yêu cầu bài tập 07 của buổi 07 trong khóa \'Kiểm thử phần mềm thực chiến\'.',537),(5368,'Bài tập 08: Đọc log và tìm nguyên nhân lỗi','Thực hiện yêu cầu bài tập 08 của buổi 07 trong khóa \'Kiểm thử phần mềm thực chiến\'.',537),(5369,'Bài tập 09: Hoàn thiện mini task theo yêu cầu','Thực hiện yêu cầu bài tập 09 của buổi 07 trong khóa \'Kiểm thử phần mềm thực chiến\'.',537),(5370,'Bài tập 10: Tự đánh giá và đề xuất cải tiến','Thực hiện yêu cầu bài tập 10 của buổi 07 trong khóa \'Kiểm thử phần mềm thực chiến\'.',537),(5371,'Bài tập 01: Trả lời câu hỏi ôn tập','Thực hiện yêu cầu bài tập 01 của buổi 08 trong khóa \'Kiểm thử phần mềm thực chiến\'.',538),(5372,'Bài tập 02: Sửa lỗi đoạn mã mẫu','Thực hiện yêu cầu bài tập 02 của buổi 08 trong khóa \'Kiểm thử phần mềm thực chiến\'.',538),(5373,'Bài tập 03: Viết hàm xử lý dữ liệu','Thực hiện yêu cầu bài tập 03 của buổi 08 trong khóa \'Kiểm thử phần mềm thực chiến\'.',538),(5374,'Bài tập 04: Thiết kế cấu trúc dữ liệu phù hợp','Thực hiện yêu cầu bài tập 04 của buổi 08 trong khóa \'Kiểm thử phần mềm thực chiến\'.',538),(5375,'Bài tập 05: Phân tích và tối ưu truy vấn','Thực hiện yêu cầu bài tập 05 của buổi 08 trong khóa \'Kiểm thử phần mềm thực chiến\'.',538),(5376,'Bài tập 06: Xây dựng API cho chức năng chính','Thực hiện yêu cầu bài tập 06 của buổi 08 trong khóa \'Kiểm thử phần mềm thực chiến\'.',538),(5377,'Bài tập 07: Viết test cho tình huống biên','Thực hiện yêu cầu bài tập 07 của buổi 08 trong khóa \'Kiểm thử phần mềm thực chiến\'.',538),(5378,'Bài tập 08: Đọc log và tìm nguyên nhân lỗi','Thực hiện yêu cầu bài tập 08 của buổi 08 trong khóa \'Kiểm thử phần mềm thực chiến\'.',538),(5379,'Bài tập 09: Hoàn thiện mini task theo yêu cầu','Thực hiện yêu cầu bài tập 09 của buổi 08 trong khóa \'Kiểm thử phần mềm thực chiến\'.',538),(5380,'Bài tập 10: Tự đánh giá và đề xuất cải tiến','Thực hiện yêu cầu bài tập 10 của buổi 08 trong khóa \'Kiểm thử phần mềm thực chiến\'.',538),(5381,'Bài tập 01: Trả lời câu hỏi ôn tập','Thực hiện yêu cầu bài tập 01 của buổi 09 trong khóa \'Kiểm thử phần mềm thực chiến\'.',539),(5382,'Bài tập 02: Sửa lỗi đoạn mã mẫu','Thực hiện yêu cầu bài tập 02 của buổi 09 trong khóa \'Kiểm thử phần mềm thực chiến\'.',539),(5383,'Bài tập 03: Viết hàm xử lý dữ liệu','Thực hiện yêu cầu bài tập 03 của buổi 09 trong khóa \'Kiểm thử phần mềm thực chiến\'.',539),(5384,'Bài tập 04: Thiết kế cấu trúc dữ liệu phù hợp','Thực hiện yêu cầu bài tập 04 của buổi 09 trong khóa \'Kiểm thử phần mềm thực chiến\'.',539),(5385,'Bài tập 05: Phân tích và tối ưu truy vấn','Thực hiện yêu cầu bài tập 05 của buổi 09 trong khóa \'Kiểm thử phần mềm thực chiến\'.',539),(5386,'Bài tập 06: Xây dựng API cho chức năng chính','Thực hiện yêu cầu bài tập 06 của buổi 09 trong khóa \'Kiểm thử phần mềm thực chiến\'.',539),(5387,'Bài tập 07: Viết test cho tình huống biên','Thực hiện yêu cầu bài tập 07 của buổi 09 trong khóa \'Kiểm thử phần mềm thực chiến\'.',539),(5388,'Bài tập 08: Đọc log và tìm nguyên nhân lỗi','Thực hiện yêu cầu bài tập 08 của buổi 09 trong khóa \'Kiểm thử phần mềm thực chiến\'.',539),(5389,'Bài tập 09: Hoàn thiện mini task theo yêu cầu','Thực hiện yêu cầu bài tập 09 của buổi 09 trong khóa \'Kiểm thử phần mềm thực chiến\'.',539),(5390,'Bài tập 10: Tự đánh giá và đề xuất cải tiến','Thực hiện yêu cầu bài tập 10 của buổi 09 trong khóa \'Kiểm thử phần mềm thực chiến\'.',539),(5391,'Bài tập 01: Trả lời câu hỏi ôn tập','Thực hiện yêu cầu bài tập 01 của buổi 10 trong khóa \'Kiểm thử phần mềm thực chiến\'.',540),(5392,'Bài tập 02: Sửa lỗi đoạn mã mẫu','Thực hiện yêu cầu bài tập 02 của buổi 10 trong khóa \'Kiểm thử phần mềm thực chiến\'.',540),(5393,'Bài tập 03: Viết hàm xử lý dữ liệu','Thực hiện yêu cầu bài tập 03 của buổi 10 trong khóa \'Kiểm thử phần mềm thực chiến\'.',540),(5394,'Bài tập 04: Thiết kế cấu trúc dữ liệu phù hợp','Thực hiện yêu cầu bài tập 04 của buổi 10 trong khóa \'Kiểm thử phần mềm thực chiến\'.',540),(5395,'Bài tập 05: Phân tích và tối ưu truy vấn','Thực hiện yêu cầu bài tập 05 của buổi 10 trong khóa \'Kiểm thử phần mềm thực chiến\'.',540),(5396,'Bài tập 06: Xây dựng API cho chức năng chính','Thực hiện yêu cầu bài tập 06 của buổi 10 trong khóa \'Kiểm thử phần mềm thực chiến\'.',540),(5397,'Bài tập 07: Viết test cho tình huống biên','Thực hiện yêu cầu bài tập 07 của buổi 10 trong khóa \'Kiểm thử phần mềm thực chiến\'.',540),(5398,'Bài tập 08: Đọc log và tìm nguyên nhân lỗi','Thực hiện yêu cầu bài tập 08 của buổi 10 trong khóa \'Kiểm thử phần mềm thực chiến\'.',540),(5399,'Bài tập 09: Hoàn thiện mini task theo yêu cầu','Thực hiện yêu cầu bài tập 09 của buổi 10 trong khóa \'Kiểm thử phần mềm thực chiến\'.',540),(5400,'Bài tập 10: Tự đánh giá và đề xuất cải tiến','Thực hiện yêu cầu bài tập 10 của buổi 10 trong khóa \'Kiểm thử phần mềm thực chiến\'.',540),(5401,'Bài tập 01: Trả lời câu hỏi ôn tập','Thực hiện yêu cầu bài tập 01 của buổi 01 trong khóa \'JavaScript hiện đại cho lập trình web\'.',541),(5402,'Bài tập 02: Sửa lỗi đoạn mã mẫu','Thực hiện yêu cầu bài tập 02 của buổi 01 trong khóa \'JavaScript hiện đại cho lập trình web\'.',541),(5403,'Bài tập 03: Viết hàm xử lý dữ liệu','Thực hiện yêu cầu bài tập 03 của buổi 01 trong khóa \'JavaScript hiện đại cho lập trình web\'.',541),(5404,'Bài tập 04: Thiết kế cấu trúc dữ liệu phù hợp','Thực hiện yêu cầu bài tập 04 của buổi 01 trong khóa \'JavaScript hiện đại cho lập trình web\'.',541),(5405,'Bài tập 05: Phân tích và tối ưu truy vấn','Thực hiện yêu cầu bài tập 05 của buổi 01 trong khóa \'JavaScript hiện đại cho lập trình web\'.',541),(5406,'Bài tập 06: Xây dựng API cho chức năng chính','Thực hiện yêu cầu bài tập 06 của buổi 01 trong khóa \'JavaScript hiện đại cho lập trình web\'.',541),(5407,'Bài tập 07: Viết test cho tình huống biên','Thực hiện yêu cầu bài tập 07 của buổi 01 trong khóa \'JavaScript hiện đại cho lập trình web\'.',541),(5408,'Bài tập 08: Đọc log và tìm nguyên nhân lỗi','Thực hiện yêu cầu bài tập 08 của buổi 01 trong khóa \'JavaScript hiện đại cho lập trình web\'.',541),(5409,'Bài tập 09: Hoàn thiện mini task theo yêu cầu','Thực hiện yêu cầu bài tập 09 của buổi 01 trong khóa \'JavaScript hiện đại cho lập trình web\'.',541),(5410,'Bài tập 10: Tự đánh giá và đề xuất cải tiến','Thực hiện yêu cầu bài tập 10 của buổi 01 trong khóa \'JavaScript hiện đại cho lập trình web\'.',541),(5411,'Bài tập 01: Trả lời câu hỏi ôn tập','Thực hiện yêu cầu bài tập 01 của buổi 02 trong khóa \'JavaScript hiện đại cho lập trình web\'.',542),(5412,'Bài tập 02: Sửa lỗi đoạn mã mẫu','Thực hiện yêu cầu bài tập 02 của buổi 02 trong khóa \'JavaScript hiện đại cho lập trình web\'.',542),(5413,'Bài tập 03: Viết hàm xử lý dữ liệu','Thực hiện yêu cầu bài tập 03 của buổi 02 trong khóa \'JavaScript hiện đại cho lập trình web\'.',542),(5414,'Bài tập 04: Thiết kế cấu trúc dữ liệu phù hợp','Thực hiện yêu cầu bài tập 04 của buổi 02 trong khóa \'JavaScript hiện đại cho lập trình web\'.',542),(5415,'Bài tập 05: Phân tích và tối ưu truy vấn','Thực hiện yêu cầu bài tập 05 của buổi 02 trong khóa \'JavaScript hiện đại cho lập trình web\'.',542),(5416,'Bài tập 06: Xây dựng API cho chức năng chính','Thực hiện yêu cầu bài tập 06 của buổi 02 trong khóa \'JavaScript hiện đại cho lập trình web\'.',542),(5417,'Bài tập 07: Viết test cho tình huống biên','Thực hiện yêu cầu bài tập 07 của buổi 02 trong khóa \'JavaScript hiện đại cho lập trình web\'.',542),(5418,'Bài tập 08: Đọc log và tìm nguyên nhân lỗi','Thực hiện yêu cầu bài tập 08 của buổi 02 trong khóa \'JavaScript hiện đại cho lập trình web\'.',542),(5419,'Bài tập 09: Hoàn thiện mini task theo yêu cầu','Thực hiện yêu cầu bài tập 09 của buổi 02 trong khóa \'JavaScript hiện đại cho lập trình web\'.',542),(5420,'Bài tập 10: Tự đánh giá và đề xuất cải tiến','Thực hiện yêu cầu bài tập 10 của buổi 02 trong khóa \'JavaScript hiện đại cho lập trình web\'.',542),(5421,'Bài tập 01: Trả lời câu hỏi ôn tập','Thực hiện yêu cầu bài tập 01 của buổi 03 trong khóa \'JavaScript hiện đại cho lập trình web\'.',543),(5422,'Bài tập 02: Sửa lỗi đoạn mã mẫu','Thực hiện yêu cầu bài tập 02 của buổi 03 trong khóa \'JavaScript hiện đại cho lập trình web\'.',543),(5423,'Bài tập 03: Viết hàm xử lý dữ liệu','Thực hiện yêu cầu bài tập 03 của buổi 03 trong khóa \'JavaScript hiện đại cho lập trình web\'.',543),(5424,'Bài tập 04: Thiết kế cấu trúc dữ liệu phù hợp','Thực hiện yêu cầu bài tập 04 của buổi 03 trong khóa \'JavaScript hiện đại cho lập trình web\'.',543),(5425,'Bài tập 05: Phân tích và tối ưu truy vấn','Thực hiện yêu cầu bài tập 05 của buổi 03 trong khóa \'JavaScript hiện đại cho lập trình web\'.',543),(5426,'Bài tập 06: Xây dựng API cho chức năng chính','Thực hiện yêu cầu bài tập 06 của buổi 03 trong khóa \'JavaScript hiện đại cho lập trình web\'.',543),(5427,'Bài tập 07: Viết test cho tình huống biên','Thực hiện yêu cầu bài tập 07 của buổi 03 trong khóa \'JavaScript hiện đại cho lập trình web\'.',543),(5428,'Bài tập 08: Đọc log và tìm nguyên nhân lỗi','Thực hiện yêu cầu bài tập 08 của buổi 03 trong khóa \'JavaScript hiện đại cho lập trình web\'.',543),(5429,'Bài tập 09: Hoàn thiện mini task theo yêu cầu','Thực hiện yêu cầu bài tập 09 của buổi 03 trong khóa \'JavaScript hiện đại cho lập trình web\'.',543),(5430,'Bài tập 10: Tự đánh giá và đề xuất cải tiến','Thực hiện yêu cầu bài tập 10 của buổi 03 trong khóa \'JavaScript hiện đại cho lập trình web\'.',543),(5431,'Bài tập 01: Trả lời câu hỏi ôn tập','Thực hiện yêu cầu bài tập 01 của buổi 04 trong khóa \'JavaScript hiện đại cho lập trình web\'.',544),(5432,'Bài tập 02: Sửa lỗi đoạn mã mẫu','Thực hiện yêu cầu bài tập 02 của buổi 04 trong khóa \'JavaScript hiện đại cho lập trình web\'.',544),(5433,'Bài tập 03: Viết hàm xử lý dữ liệu','Thực hiện yêu cầu bài tập 03 của buổi 04 trong khóa \'JavaScript hiện đại cho lập trình web\'.',544),(5434,'Bài tập 04: Thiết kế cấu trúc dữ liệu phù hợp','Thực hiện yêu cầu bài tập 04 của buổi 04 trong khóa \'JavaScript hiện đại cho lập trình web\'.',544),(5435,'Bài tập 05: Phân tích và tối ưu truy vấn','Thực hiện yêu cầu bài tập 05 của buổi 04 trong khóa \'JavaScript hiện đại cho lập trình web\'.',544),(5436,'Bài tập 06: Xây dựng API cho chức năng chính','Thực hiện yêu cầu bài tập 06 của buổi 04 trong khóa \'JavaScript hiện đại cho lập trình web\'.',544),(5437,'Bài tập 07: Viết test cho tình huống biên','Thực hiện yêu cầu bài tập 07 của buổi 04 trong khóa \'JavaScript hiện đại cho lập trình web\'.',544),(5438,'Bài tập 08: Đọc log và tìm nguyên nhân lỗi','Thực hiện yêu cầu bài tập 08 của buổi 04 trong khóa \'JavaScript hiện đại cho lập trình web\'.',544),(5439,'Bài tập 09: Hoàn thiện mini task theo yêu cầu','Thực hiện yêu cầu bài tập 09 của buổi 04 trong khóa \'JavaScript hiện đại cho lập trình web\'.',544),(5440,'Bài tập 10: Tự đánh giá và đề xuất cải tiến','Thực hiện yêu cầu bài tập 10 của buổi 04 trong khóa \'JavaScript hiện đại cho lập trình web\'.',544),(5441,'Bài tập 01: Trả lời câu hỏi ôn tập','Thực hiện yêu cầu bài tập 01 của buổi 05 trong khóa \'JavaScript hiện đại cho lập trình web\'.',545),(5442,'Bài tập 02: Sửa lỗi đoạn mã mẫu','Thực hiện yêu cầu bài tập 02 của buổi 05 trong khóa \'JavaScript hiện đại cho lập trình web\'.',545),(5443,'Bài tập 03: Viết hàm xử lý dữ liệu','Thực hiện yêu cầu bài tập 03 của buổi 05 trong khóa \'JavaScript hiện đại cho lập trình web\'.',545),(5444,'Bài tập 04: Thiết kế cấu trúc dữ liệu phù hợp','Thực hiện yêu cầu bài tập 04 của buổi 05 trong khóa \'JavaScript hiện đại cho lập trình web\'.',545),(5445,'Bài tập 05: Phân tích và tối ưu truy vấn','Thực hiện yêu cầu bài tập 05 của buổi 05 trong khóa \'JavaScript hiện đại cho lập trình web\'.',545),(5446,'Bài tập 06: Xây dựng API cho chức năng chính','Thực hiện yêu cầu bài tập 06 của buổi 05 trong khóa \'JavaScript hiện đại cho lập trình web\'.',545),(5447,'Bài tập 07: Viết test cho tình huống biên','Thực hiện yêu cầu bài tập 07 của buổi 05 trong khóa \'JavaScript hiện đại cho lập trình web\'.',545),(5448,'Bài tập 08: Đọc log và tìm nguyên nhân lỗi','Thực hiện yêu cầu bài tập 08 của buổi 05 trong khóa \'JavaScript hiện đại cho lập trình web\'.',545),(5449,'Bài tập 09: Hoàn thiện mini task theo yêu cầu','Thực hiện yêu cầu bài tập 09 của buổi 05 trong khóa \'JavaScript hiện đại cho lập trình web\'.',545),(5450,'Bài tập 10: Tự đánh giá và đề xuất cải tiến','Thực hiện yêu cầu bài tập 10 của buổi 05 trong khóa \'JavaScript hiện đại cho lập trình web\'.',545),(5451,'Bài tập 01: Trả lời câu hỏi ôn tập','Thực hiện yêu cầu bài tập 01 của buổi 06 trong khóa \'JavaScript hiện đại cho lập trình web\'.',546),(5452,'Bài tập 02: Sửa lỗi đoạn mã mẫu','Thực hiện yêu cầu bài tập 02 của buổi 06 trong khóa \'JavaScript hiện đại cho lập trình web\'.',546),(5453,'Bài tập 03: Viết hàm xử lý dữ liệu','Thực hiện yêu cầu bài tập 03 của buổi 06 trong khóa \'JavaScript hiện đại cho lập trình web\'.',546),(5454,'Bài tập 04: Thiết kế cấu trúc dữ liệu phù hợp','Thực hiện yêu cầu bài tập 04 của buổi 06 trong khóa \'JavaScript hiện đại cho lập trình web\'.',546),(5455,'Bài tập 05: Phân tích và tối ưu truy vấn','Thực hiện yêu cầu bài tập 05 của buổi 06 trong khóa \'JavaScript hiện đại cho lập trình web\'.',546),(5456,'Bài tập 06: Xây dựng API cho chức năng chính','Thực hiện yêu cầu bài tập 06 của buổi 06 trong khóa \'JavaScript hiện đại cho lập trình web\'.',546),(5457,'Bài tập 07: Viết test cho tình huống biên','Thực hiện yêu cầu bài tập 07 của buổi 06 trong khóa \'JavaScript hiện đại cho lập trình web\'.',546),(5458,'Bài tập 08: Đọc log và tìm nguyên nhân lỗi','Thực hiện yêu cầu bài tập 08 của buổi 06 trong khóa \'JavaScript hiện đại cho lập trình web\'.',546),(5459,'Bài tập 09: Hoàn thiện mini task theo yêu cầu','Thực hiện yêu cầu bài tập 09 của buổi 06 trong khóa \'JavaScript hiện đại cho lập trình web\'.',546),(5460,'Bài tập 10: Tự đánh giá và đề xuất cải tiến','Thực hiện yêu cầu bài tập 10 của buổi 06 trong khóa \'JavaScript hiện đại cho lập trình web\'.',546),(5461,'Bài tập 01: Trả lời câu hỏi ôn tập','Thực hiện yêu cầu bài tập 01 của buổi 07 trong khóa \'JavaScript hiện đại cho lập trình web\'.',547),(5462,'Bài tập 02: Sửa lỗi đoạn mã mẫu','Thực hiện yêu cầu bài tập 02 của buổi 07 trong khóa \'JavaScript hiện đại cho lập trình web\'.',547),(5463,'Bài tập 03: Viết hàm xử lý dữ liệu','Thực hiện yêu cầu bài tập 03 của buổi 07 trong khóa \'JavaScript hiện đại cho lập trình web\'.',547),(5464,'Bài tập 04: Thiết kế cấu trúc dữ liệu phù hợp','Thực hiện yêu cầu bài tập 04 của buổi 07 trong khóa \'JavaScript hiện đại cho lập trình web\'.',547),(5465,'Bài tập 05: Phân tích và tối ưu truy vấn','Thực hiện yêu cầu bài tập 05 của buổi 07 trong khóa \'JavaScript hiện đại cho lập trình web\'.',547),(5466,'Bài tập 06: Xây dựng API cho chức năng chính','Thực hiện yêu cầu bài tập 06 của buổi 07 trong khóa \'JavaScript hiện đại cho lập trình web\'.',547),(5467,'Bài tập 07: Viết test cho tình huống biên','Thực hiện yêu cầu bài tập 07 của buổi 07 trong khóa \'JavaScript hiện đại cho lập trình web\'.',547),(5468,'Bài tập 08: Đọc log và tìm nguyên nhân lỗi','Thực hiện yêu cầu bài tập 08 của buổi 07 trong khóa \'JavaScript hiện đại cho lập trình web\'.',547),(5469,'Bài tập 09: Hoàn thiện mini task theo yêu cầu','Thực hiện yêu cầu bài tập 09 của buổi 07 trong khóa \'JavaScript hiện đại cho lập trình web\'.',547),(5470,'Bài tập 10: Tự đánh giá và đề xuất cải tiến','Thực hiện yêu cầu bài tập 10 của buổi 07 trong khóa \'JavaScript hiện đại cho lập trình web\'.',547),(5471,'Bài tập 01: Trả lời câu hỏi ôn tập','Thực hiện yêu cầu bài tập 01 của buổi 08 trong khóa \'JavaScript hiện đại cho lập trình web\'.',548),(5472,'Bài tập 02: Sửa lỗi đoạn mã mẫu','Thực hiện yêu cầu bài tập 02 của buổi 08 trong khóa \'JavaScript hiện đại cho lập trình web\'.',548),(5473,'Bài tập 03: Viết hàm xử lý dữ liệu','Thực hiện yêu cầu bài tập 03 của buổi 08 trong khóa \'JavaScript hiện đại cho lập trình web\'.',548),(5474,'Bài tập 04: Thiết kế cấu trúc dữ liệu phù hợp','Thực hiện yêu cầu bài tập 04 của buổi 08 trong khóa \'JavaScript hiện đại cho lập trình web\'.',548),(5475,'Bài tập 05: Phân tích và tối ưu truy vấn','Thực hiện yêu cầu bài tập 05 của buổi 08 trong khóa \'JavaScript hiện đại cho lập trình web\'.',548),(5476,'Bài tập 06: Xây dựng API cho chức năng chính','Thực hiện yêu cầu bài tập 06 của buổi 08 trong khóa \'JavaScript hiện đại cho lập trình web\'.',548),(5477,'Bài tập 07: Viết test cho tình huống biên','Thực hiện yêu cầu bài tập 07 của buổi 08 trong khóa \'JavaScript hiện đại cho lập trình web\'.',548),(5478,'Bài tập 08: Đọc log và tìm nguyên nhân lỗi','Thực hiện yêu cầu bài tập 08 của buổi 08 trong khóa \'JavaScript hiện đại cho lập trình web\'.',548),(5479,'Bài tập 09: Hoàn thiện mini task theo yêu cầu','Thực hiện yêu cầu bài tập 09 của buổi 08 trong khóa \'JavaScript hiện đại cho lập trình web\'.',548),(5480,'Bài tập 10: Tự đánh giá và đề xuất cải tiến','Thực hiện yêu cầu bài tập 10 của buổi 08 trong khóa \'JavaScript hiện đại cho lập trình web\'.',548),(5481,'Bài tập 01: Trả lời câu hỏi ôn tập','Thực hiện yêu cầu bài tập 01 của buổi 09 trong khóa \'JavaScript hiện đại cho lập trình web\'.',549),(5482,'Bài tập 02: Sửa lỗi đoạn mã mẫu','Thực hiện yêu cầu bài tập 02 của buổi 09 trong khóa \'JavaScript hiện đại cho lập trình web\'.',549),(5483,'Bài tập 03: Viết hàm xử lý dữ liệu','Thực hiện yêu cầu bài tập 03 của buổi 09 trong khóa \'JavaScript hiện đại cho lập trình web\'.',549),(5484,'Bài tập 04: Thiết kế cấu trúc dữ liệu phù hợp','Thực hiện yêu cầu bài tập 04 của buổi 09 trong khóa \'JavaScript hiện đại cho lập trình web\'.',549),(5485,'Bài tập 05: Phân tích và tối ưu truy vấn','Thực hiện yêu cầu bài tập 05 của buổi 09 trong khóa \'JavaScript hiện đại cho lập trình web\'.',549),(5486,'Bài tập 06: Xây dựng API cho chức năng chính','Thực hiện yêu cầu bài tập 06 của buổi 09 trong khóa \'JavaScript hiện đại cho lập trình web\'.',549),(5487,'Bài tập 07: Viết test cho tình huống biên','Thực hiện yêu cầu bài tập 07 của buổi 09 trong khóa \'JavaScript hiện đại cho lập trình web\'.',549),(5488,'Bài tập 08: Đọc log và tìm nguyên nhân lỗi','Thực hiện yêu cầu bài tập 08 của buổi 09 trong khóa \'JavaScript hiện đại cho lập trình web\'.',549),(5489,'Bài tập 09: Hoàn thiện mini task theo yêu cầu','Thực hiện yêu cầu bài tập 09 của buổi 09 trong khóa \'JavaScript hiện đại cho lập trình web\'.',549),(5490,'Bài tập 10: Tự đánh giá và đề xuất cải tiến','Thực hiện yêu cầu bài tập 10 của buổi 09 trong khóa \'JavaScript hiện đại cho lập trình web\'.',549),(5491,'Bài tập 01: Trả lời câu hỏi ôn tập','Thực hiện yêu cầu bài tập 01 của buổi 10 trong khóa \'JavaScript hiện đại cho lập trình web\'.',550),(5492,'Bài tập 02: Sửa lỗi đoạn mã mẫu','Thực hiện yêu cầu bài tập 02 của buổi 10 trong khóa \'JavaScript hiện đại cho lập trình web\'.',550),(5493,'Bài tập 03: Viết hàm xử lý dữ liệu','Thực hiện yêu cầu bài tập 03 của buổi 10 trong khóa \'JavaScript hiện đại cho lập trình web\'.',550),(5494,'Bài tập 04: Thiết kế cấu trúc dữ liệu phù hợp','Thực hiện yêu cầu bài tập 04 của buổi 10 trong khóa \'JavaScript hiện đại cho lập trình web\'.',550),(5495,'Bài tập 05: Phân tích và tối ưu truy vấn','Thực hiện yêu cầu bài tập 05 của buổi 10 trong khóa \'JavaScript hiện đại cho lập trình web\'.',550),(5496,'Bài tập 06: Xây dựng API cho chức năng chính','Thực hiện yêu cầu bài tập 06 của buổi 10 trong khóa \'JavaScript hiện đại cho lập trình web\'.',550),(5497,'Bài tập 07: Viết test cho tình huống biên','Thực hiện yêu cầu bài tập 07 của buổi 10 trong khóa \'JavaScript hiện đại cho lập trình web\'.',550),(5498,'Bài tập 08: Đọc log và tìm nguyên nhân lỗi','Thực hiện yêu cầu bài tập 08 của buổi 10 trong khóa \'JavaScript hiện đại cho lập trình web\'.',550),(5499,'Bài tập 09: Hoàn thiện mini task theo yêu cầu','Thực hiện yêu cầu bài tập 09 của buổi 10 trong khóa \'JavaScript hiện đại cho lập trình web\'.',550),(5500,'Bài tập 10: Tự đánh giá và đề xuất cải tiến','Thực hiện yêu cầu bài tập 10 của buổi 10 trong khóa \'JavaScript hiện đại cho lập trình web\'.',550),(5501,'Bài tập 01: Trả lời câu hỏi ôn tập','Thực hiện yêu cầu bài tập 01 của buổi 01 trong khóa \'Phân tích dữ liệu với Pandas\'.',551),(5502,'Bài tập 02: Sửa lỗi đoạn mã mẫu','Thực hiện yêu cầu bài tập 02 của buổi 01 trong khóa \'Phân tích dữ liệu với Pandas\'.',551),(5503,'Bài tập 03: Viết hàm xử lý dữ liệu','Thực hiện yêu cầu bài tập 03 của buổi 01 trong khóa \'Phân tích dữ liệu với Pandas\'.',551),(5504,'Bài tập 04: Thiết kế cấu trúc dữ liệu phù hợp','Thực hiện yêu cầu bài tập 04 của buổi 01 trong khóa \'Phân tích dữ liệu với Pandas\'.',551),(5505,'Bài tập 05: Phân tích và tối ưu truy vấn','Thực hiện yêu cầu bài tập 05 của buổi 01 trong khóa \'Phân tích dữ liệu với Pandas\'.',551),(5506,'Bài tập 06: Xây dựng API cho chức năng chính','Thực hiện yêu cầu bài tập 06 của buổi 01 trong khóa \'Phân tích dữ liệu với Pandas\'.',551),(5507,'Bài tập 07: Viết test cho tình huống biên','Thực hiện yêu cầu bài tập 07 của buổi 01 trong khóa \'Phân tích dữ liệu với Pandas\'.',551),(5508,'Bài tập 08: Đọc log và tìm nguyên nhân lỗi','Thực hiện yêu cầu bài tập 08 của buổi 01 trong khóa \'Phân tích dữ liệu với Pandas\'.',551),(5509,'Bài tập 09: Hoàn thiện mini task theo yêu cầu','Thực hiện yêu cầu bài tập 09 của buổi 01 trong khóa \'Phân tích dữ liệu với Pandas\'.',551),(5510,'Bài tập 10: Tự đánh giá và đề xuất cải tiến','Thực hiện yêu cầu bài tập 10 của buổi 01 trong khóa \'Phân tích dữ liệu với Pandas\'.',551),(5511,'Bài tập 01: Trả lời câu hỏi ôn tập','Thực hiện yêu cầu bài tập 01 của buổi 02 trong khóa \'Phân tích dữ liệu với Pandas\'.',552),(5512,'Bài tập 02: Sửa lỗi đoạn mã mẫu','Thực hiện yêu cầu bài tập 02 của buổi 02 trong khóa \'Phân tích dữ liệu với Pandas\'.',552),(5513,'Bài tập 03: Viết hàm xử lý dữ liệu','Thực hiện yêu cầu bài tập 03 của buổi 02 trong khóa \'Phân tích dữ liệu với Pandas\'.',552),(5514,'Bài tập 04: Thiết kế cấu trúc dữ liệu phù hợp','Thực hiện yêu cầu bài tập 04 của buổi 02 trong khóa \'Phân tích dữ liệu với Pandas\'.',552),(5515,'Bài tập 05: Phân tích và tối ưu truy vấn','Thực hiện yêu cầu bài tập 05 của buổi 02 trong khóa \'Phân tích dữ liệu với Pandas\'.',552),(5516,'Bài tập 06: Xây dựng API cho chức năng chính','Thực hiện yêu cầu bài tập 06 của buổi 02 trong khóa \'Phân tích dữ liệu với Pandas\'.',552),(5517,'Bài tập 07: Viết test cho tình huống biên','Thực hiện yêu cầu bài tập 07 của buổi 02 trong khóa \'Phân tích dữ liệu với Pandas\'.',552),(5518,'Bài tập 08: Đọc log và tìm nguyên nhân lỗi','Thực hiện yêu cầu bài tập 08 của buổi 02 trong khóa \'Phân tích dữ liệu với Pandas\'.',552),(5519,'Bài tập 09: Hoàn thiện mini task theo yêu cầu','Thực hiện yêu cầu bài tập 09 của buổi 02 trong khóa \'Phân tích dữ liệu với Pandas\'.',552),(5520,'Bài tập 10: Tự đánh giá và đề xuất cải tiến','Thực hiện yêu cầu bài tập 10 của buổi 02 trong khóa \'Phân tích dữ liệu với Pandas\'.',552),(5521,'Bài tập 01: Trả lời câu hỏi ôn tập','Thực hiện yêu cầu bài tập 01 của buổi 03 trong khóa \'Phân tích dữ liệu với Pandas\'.',553),(5522,'Bài tập 02: Sửa lỗi đoạn mã mẫu','Thực hiện yêu cầu bài tập 02 của buổi 03 trong khóa \'Phân tích dữ liệu với Pandas\'.',553),(5523,'Bài tập 03: Viết hàm xử lý dữ liệu','Thực hiện yêu cầu bài tập 03 của buổi 03 trong khóa \'Phân tích dữ liệu với Pandas\'.',553),(5524,'Bài tập 04: Thiết kế cấu trúc dữ liệu phù hợp','Thực hiện yêu cầu bài tập 04 của buổi 03 trong khóa \'Phân tích dữ liệu với Pandas\'.',553),(5525,'Bài tập 05: Phân tích và tối ưu truy vấn','Thực hiện yêu cầu bài tập 05 của buổi 03 trong khóa \'Phân tích dữ liệu với Pandas\'.',553),(5526,'Bài tập 06: Xây dựng API cho chức năng chính','Thực hiện yêu cầu bài tập 06 của buổi 03 trong khóa \'Phân tích dữ liệu với Pandas\'.',553),(5527,'Bài tập 07: Viết test cho tình huống biên','Thực hiện yêu cầu bài tập 07 của buổi 03 trong khóa \'Phân tích dữ liệu với Pandas\'.',553),(5528,'Bài tập 08: Đọc log và tìm nguyên nhân lỗi','Thực hiện yêu cầu bài tập 08 của buổi 03 trong khóa \'Phân tích dữ liệu với Pandas\'.',553),(5529,'Bài tập 09: Hoàn thiện mini task theo yêu cầu','Thực hiện yêu cầu bài tập 09 của buổi 03 trong khóa \'Phân tích dữ liệu với Pandas\'.',553),(5530,'Bài tập 10: Tự đánh giá và đề xuất cải tiến','Thực hiện yêu cầu bài tập 10 của buổi 03 trong khóa \'Phân tích dữ liệu với Pandas\'.',553),(5531,'Bài tập 01: Trả lời câu hỏi ôn tập','Thực hiện yêu cầu bài tập 01 của buổi 04 trong khóa \'Phân tích dữ liệu với Pandas\'.',554),(5532,'Bài tập 02: Sửa lỗi đoạn mã mẫu','Thực hiện yêu cầu bài tập 02 của buổi 04 trong khóa \'Phân tích dữ liệu với Pandas\'.',554),(5533,'Bài tập 03: Viết hàm xử lý dữ liệu','Thực hiện yêu cầu bài tập 03 của buổi 04 trong khóa \'Phân tích dữ liệu với Pandas\'.',554),(5534,'Bài tập 04: Thiết kế cấu trúc dữ liệu phù hợp','Thực hiện yêu cầu bài tập 04 của buổi 04 trong khóa \'Phân tích dữ liệu với Pandas\'.',554),(5535,'Bài tập 05: Phân tích và tối ưu truy vấn','Thực hiện yêu cầu bài tập 05 của buổi 04 trong khóa \'Phân tích dữ liệu với Pandas\'.',554),(5536,'Bài tập 06: Xây dựng API cho chức năng chính','Thực hiện yêu cầu bài tập 06 của buổi 04 trong khóa \'Phân tích dữ liệu với Pandas\'.',554),(5537,'Bài tập 07: Viết test cho tình huống biên','Thực hiện yêu cầu bài tập 07 của buổi 04 trong khóa \'Phân tích dữ liệu với Pandas\'.',554),(5538,'Bài tập 08: Đọc log và tìm nguyên nhân lỗi','Thực hiện yêu cầu bài tập 08 của buổi 04 trong khóa \'Phân tích dữ liệu với Pandas\'.',554),(5539,'Bài tập 09: Hoàn thiện mini task theo yêu cầu','Thực hiện yêu cầu bài tập 09 của buổi 04 trong khóa \'Phân tích dữ liệu với Pandas\'.',554),(5540,'Bài tập 10: Tự đánh giá và đề xuất cải tiến','Thực hiện yêu cầu bài tập 10 của buổi 04 trong khóa \'Phân tích dữ liệu với Pandas\'.',554),(5541,'Bài tập 01: Trả lời câu hỏi ôn tập','Thực hiện yêu cầu bài tập 01 của buổi 05 trong khóa \'Phân tích dữ liệu với Pandas\'.',555),(5542,'Bài tập 02: Sửa lỗi đoạn mã mẫu','Thực hiện yêu cầu bài tập 02 của buổi 05 trong khóa \'Phân tích dữ liệu với Pandas\'.',555),(5543,'Bài tập 03: Viết hàm xử lý dữ liệu','Thực hiện yêu cầu bài tập 03 của buổi 05 trong khóa \'Phân tích dữ liệu với Pandas\'.',555),(5544,'Bài tập 04: Thiết kế cấu trúc dữ liệu phù hợp','Thực hiện yêu cầu bài tập 04 của buổi 05 trong khóa \'Phân tích dữ liệu với Pandas\'.',555),(5545,'Bài tập 05: Phân tích và tối ưu truy vấn','Thực hiện yêu cầu bài tập 05 của buổi 05 trong khóa \'Phân tích dữ liệu với Pandas\'.',555),(5546,'Bài tập 06: Xây dựng API cho chức năng chính','Thực hiện yêu cầu bài tập 06 của buổi 05 trong khóa \'Phân tích dữ liệu với Pandas\'.',555),(5547,'Bài tập 07: Viết test cho tình huống biên','Thực hiện yêu cầu bài tập 07 của buổi 05 trong khóa \'Phân tích dữ liệu với Pandas\'.',555),(5548,'Bài tập 08: Đọc log và tìm nguyên nhân lỗi','Thực hiện yêu cầu bài tập 08 của buổi 05 trong khóa \'Phân tích dữ liệu với Pandas\'.',555),(5549,'Bài tập 09: Hoàn thiện mini task theo yêu cầu','Thực hiện yêu cầu bài tập 09 của buổi 05 trong khóa \'Phân tích dữ liệu với Pandas\'.',555),(5550,'Bài tập 10: Tự đánh giá và đề xuất cải tiến','Thực hiện yêu cầu bài tập 10 của buổi 05 trong khóa \'Phân tích dữ liệu với Pandas\'.',555),(5551,'Bài tập 01: Trả lời câu hỏi ôn tập','Thực hiện yêu cầu bài tập 01 của buổi 06 trong khóa \'Phân tích dữ liệu với Pandas\'.',556),(5552,'Bài tập 02: Sửa lỗi đoạn mã mẫu','Thực hiện yêu cầu bài tập 02 của buổi 06 trong khóa \'Phân tích dữ liệu với Pandas\'.',556),(5553,'Bài tập 03: Viết hàm xử lý dữ liệu','Thực hiện yêu cầu bài tập 03 của buổi 06 trong khóa \'Phân tích dữ liệu với Pandas\'.',556),(5554,'Bài tập 04: Thiết kế cấu trúc dữ liệu phù hợp','Thực hiện yêu cầu bài tập 04 của buổi 06 trong khóa \'Phân tích dữ liệu với Pandas\'.',556),(5555,'Bài tập 05: Phân tích và tối ưu truy vấn','Thực hiện yêu cầu bài tập 05 của buổi 06 trong khóa \'Phân tích dữ liệu với Pandas\'.',556),(5556,'Bài tập 06: Xây dựng API cho chức năng chính','Thực hiện yêu cầu bài tập 06 của buổi 06 trong khóa \'Phân tích dữ liệu với Pandas\'.',556),(5557,'Bài tập 07: Viết test cho tình huống biên','Thực hiện yêu cầu bài tập 07 của buổi 06 trong khóa \'Phân tích dữ liệu với Pandas\'.',556),(5558,'Bài tập 08: Đọc log và tìm nguyên nhân lỗi','Thực hiện yêu cầu bài tập 08 của buổi 06 trong khóa \'Phân tích dữ liệu với Pandas\'.',556),(5559,'Bài tập 09: Hoàn thiện mini task theo yêu cầu','Thực hiện yêu cầu bài tập 09 của buổi 06 trong khóa \'Phân tích dữ liệu với Pandas\'.',556),(5560,'Bài tập 10: Tự đánh giá và đề xuất cải tiến','Thực hiện yêu cầu bài tập 10 của buổi 06 trong khóa \'Phân tích dữ liệu với Pandas\'.',556),(5561,'Bài tập 01: Trả lời câu hỏi ôn tập','Thực hiện yêu cầu bài tập 01 của buổi 07 trong khóa \'Phân tích dữ liệu với Pandas\'.',557),(5562,'Bài tập 02: Sửa lỗi đoạn mã mẫu','Thực hiện yêu cầu bài tập 02 của buổi 07 trong khóa \'Phân tích dữ liệu với Pandas\'.',557),(5563,'Bài tập 03: Viết hàm xử lý dữ liệu','Thực hiện yêu cầu bài tập 03 của buổi 07 trong khóa \'Phân tích dữ liệu với Pandas\'.',557),(5564,'Bài tập 04: Thiết kế cấu trúc dữ liệu phù hợp','Thực hiện yêu cầu bài tập 04 của buổi 07 trong khóa \'Phân tích dữ liệu với Pandas\'.',557),(5565,'Bài tập 05: Phân tích và tối ưu truy vấn','Thực hiện yêu cầu bài tập 05 của buổi 07 trong khóa \'Phân tích dữ liệu với Pandas\'.',557),(5566,'Bài tập 06: Xây dựng API cho chức năng chính','Thực hiện yêu cầu bài tập 06 của buổi 07 trong khóa \'Phân tích dữ liệu với Pandas\'.',557),(5567,'Bài tập 07: Viết test cho tình huống biên','Thực hiện yêu cầu bài tập 07 của buổi 07 trong khóa \'Phân tích dữ liệu với Pandas\'.',557),(5568,'Bài tập 08: Đọc log và tìm nguyên nhân lỗi','Thực hiện yêu cầu bài tập 08 của buổi 07 trong khóa \'Phân tích dữ liệu với Pandas\'.',557),(5569,'Bài tập 09: Hoàn thiện mini task theo yêu cầu','Thực hiện yêu cầu bài tập 09 của buổi 07 trong khóa \'Phân tích dữ liệu với Pandas\'.',557),(5570,'Bài tập 10: Tự đánh giá và đề xuất cải tiến','Thực hiện yêu cầu bài tập 10 của buổi 07 trong khóa \'Phân tích dữ liệu với Pandas\'.',557),(5571,'Bài tập 01: Trả lời câu hỏi ôn tập','Thực hiện yêu cầu bài tập 01 của buổi 08 trong khóa \'Phân tích dữ liệu với Pandas\'.',558),(5572,'Bài tập 02: Sửa lỗi đoạn mã mẫu','Thực hiện yêu cầu bài tập 02 của buổi 08 trong khóa \'Phân tích dữ liệu với Pandas\'.',558),(5573,'Bài tập 03: Viết hàm xử lý dữ liệu','Thực hiện yêu cầu bài tập 03 của buổi 08 trong khóa \'Phân tích dữ liệu với Pandas\'.',558),(5574,'Bài tập 04: Thiết kế cấu trúc dữ liệu phù hợp','Thực hiện yêu cầu bài tập 04 của buổi 08 trong khóa \'Phân tích dữ liệu với Pandas\'.',558),(5575,'Bài tập 05: Phân tích và tối ưu truy vấn','Thực hiện yêu cầu bài tập 05 của buổi 08 trong khóa \'Phân tích dữ liệu với Pandas\'.',558),(5576,'Bài tập 06: Xây dựng API cho chức năng chính','Thực hiện yêu cầu bài tập 06 của buổi 08 trong khóa \'Phân tích dữ liệu với Pandas\'.',558),(5577,'Bài tập 07: Viết test cho tình huống biên','Thực hiện yêu cầu bài tập 07 của buổi 08 trong khóa \'Phân tích dữ liệu với Pandas\'.',558),(5578,'Bài tập 08: Đọc log và tìm nguyên nhân lỗi','Thực hiện yêu cầu bài tập 08 của buổi 08 trong khóa \'Phân tích dữ liệu với Pandas\'.',558),(5579,'Bài tập 09: Hoàn thiện mini task theo yêu cầu','Thực hiện yêu cầu bài tập 09 của buổi 08 trong khóa \'Phân tích dữ liệu với Pandas\'.',558),(5580,'Bài tập 10: Tự đánh giá và đề xuất cải tiến','Thực hiện yêu cầu bài tập 10 của buổi 08 trong khóa \'Phân tích dữ liệu với Pandas\'.',558),(5581,'Bài tập 01: Trả lời câu hỏi ôn tập','Thực hiện yêu cầu bài tập 01 của buổi 09 trong khóa \'Phân tích dữ liệu với Pandas\'.',559),(5582,'Bài tập 02: Sửa lỗi đoạn mã mẫu','Thực hiện yêu cầu bài tập 02 của buổi 09 trong khóa \'Phân tích dữ liệu với Pandas\'.',559),(5583,'Bài tập 03: Viết hàm xử lý dữ liệu','Thực hiện yêu cầu bài tập 03 của buổi 09 trong khóa \'Phân tích dữ liệu với Pandas\'.',559),(5584,'Bài tập 04: Thiết kế cấu trúc dữ liệu phù hợp','Thực hiện yêu cầu bài tập 04 của buổi 09 trong khóa \'Phân tích dữ liệu với Pandas\'.',559),(5585,'Bài tập 05: Phân tích và tối ưu truy vấn','Thực hiện yêu cầu bài tập 05 của buổi 09 trong khóa \'Phân tích dữ liệu với Pandas\'.',559),(5586,'Bài tập 06: Xây dựng API cho chức năng chính','Thực hiện yêu cầu bài tập 06 của buổi 09 trong khóa \'Phân tích dữ liệu với Pandas\'.',559),(5587,'Bài tập 07: Viết test cho tình huống biên','Thực hiện yêu cầu bài tập 07 của buổi 09 trong khóa \'Phân tích dữ liệu với Pandas\'.',559),(5588,'Bài tập 08: Đọc log và tìm nguyên nhân lỗi','Thực hiện yêu cầu bài tập 08 của buổi 09 trong khóa \'Phân tích dữ liệu với Pandas\'.',559),(5589,'Bài tập 09: Hoàn thiện mini task theo yêu cầu','Thực hiện yêu cầu bài tập 09 của buổi 09 trong khóa \'Phân tích dữ liệu với Pandas\'.',559),(5590,'Bài tập 10: Tự đánh giá và đề xuất cải tiến','Thực hiện yêu cầu bài tập 10 của buổi 09 trong khóa \'Phân tích dữ liệu với Pandas\'.',559),(5591,'Bài tập 01: Trả lời câu hỏi ôn tập','Thực hiện yêu cầu bài tập 01 của buổi 10 trong khóa \'Phân tích dữ liệu với Pandas\'.',560),(5592,'Bài tập 02: Sửa lỗi đoạn mã mẫu','Thực hiện yêu cầu bài tập 02 của buổi 10 trong khóa \'Phân tích dữ liệu với Pandas\'.',560),(5593,'Bài tập 03: Viết hàm xử lý dữ liệu','Thực hiện yêu cầu bài tập 03 của buổi 10 trong khóa \'Phân tích dữ liệu với Pandas\'.',560),(5594,'Bài tập 04: Thiết kế cấu trúc dữ liệu phù hợp','Thực hiện yêu cầu bài tập 04 của buổi 10 trong khóa \'Phân tích dữ liệu với Pandas\'.',560),(5595,'Bài tập 05: Phân tích và tối ưu truy vấn','Thực hiện yêu cầu bài tập 05 của buổi 10 trong khóa \'Phân tích dữ liệu với Pandas\'.',560),(5596,'Bài tập 06: Xây dựng API cho chức năng chính','Thực hiện yêu cầu bài tập 06 của buổi 10 trong khóa \'Phân tích dữ liệu với Pandas\'.',560),(5597,'Bài tập 07: Viết test cho tình huống biên','Thực hiện yêu cầu bài tập 07 của buổi 10 trong khóa \'Phân tích dữ liệu với Pandas\'.',560),(5598,'Bài tập 08: Đọc log và tìm nguyên nhân lỗi','Thực hiện yêu cầu bài tập 08 của buổi 10 trong khóa \'Phân tích dữ liệu với Pandas\'.',560),(5599,'Bài tập 09: Hoàn thiện mini task theo yêu cầu','Thực hiện yêu cầu bài tập 09 của buổi 10 trong khóa \'Phân tích dữ liệu với Pandas\'.',560),(5600,'Bài tập 10: Tự đánh giá và đề xuất cải tiến','Thực hiện yêu cầu bài tập 10 của buổi 10 trong khóa \'Phân tích dữ liệu với Pandas\'.',560),(5601,'Bài tập 01: Trả lời câu hỏi ôn tập','Thực hiện yêu cầu bài tập 01 của buổi 01 trong khóa \'UI/UX căn bản cho lập trình viên\'.',561),(5602,'Bài tập 02: Sửa lỗi đoạn mã mẫu','Thực hiện yêu cầu bài tập 02 của buổi 01 trong khóa \'UI/UX căn bản cho lập trình viên\'.',561),(5603,'Bài tập 03: Viết hàm xử lý dữ liệu','Thực hiện yêu cầu bài tập 03 của buổi 01 trong khóa \'UI/UX căn bản cho lập trình viên\'.',561),(5604,'Bài tập 04: Thiết kế cấu trúc dữ liệu phù hợp','Thực hiện yêu cầu bài tập 04 của buổi 01 trong khóa \'UI/UX căn bản cho lập trình viên\'.',561),(5605,'Bài tập 05: Phân tích và tối ưu truy vấn','Thực hiện yêu cầu bài tập 05 của buổi 01 trong khóa \'UI/UX căn bản cho lập trình viên\'.',561),(5606,'Bài tập 06: Xây dựng API cho chức năng chính','Thực hiện yêu cầu bài tập 06 của buổi 01 trong khóa \'UI/UX căn bản cho lập trình viên\'.',561),(5607,'Bài tập 07: Viết test cho tình huống biên','Thực hiện yêu cầu bài tập 07 của buổi 01 trong khóa \'UI/UX căn bản cho lập trình viên\'.',561),(5608,'Bài tập 08: Đọc log và tìm nguyên nhân lỗi','Thực hiện yêu cầu bài tập 08 của buổi 01 trong khóa \'UI/UX căn bản cho lập trình viên\'.',561),(5609,'Bài tập 09: Hoàn thiện mini task theo yêu cầu','Thực hiện yêu cầu bài tập 09 của buổi 01 trong khóa \'UI/UX căn bản cho lập trình viên\'.',561),(5610,'Bài tập 10: Tự đánh giá và đề xuất cải tiến','Thực hiện yêu cầu bài tập 10 của buổi 01 trong khóa \'UI/UX căn bản cho lập trình viên\'.',561),(5611,'Bài tập 01: Trả lời câu hỏi ôn tập','Thực hiện yêu cầu bài tập 01 của buổi 02 trong khóa \'UI/UX căn bản cho lập trình viên\'.',562),(5612,'Bài tập 02: Sửa lỗi đoạn mã mẫu','Thực hiện yêu cầu bài tập 02 của buổi 02 trong khóa \'UI/UX căn bản cho lập trình viên\'.',562),(5613,'Bài tập 03: Viết hàm xử lý dữ liệu','Thực hiện yêu cầu bài tập 03 của buổi 02 trong khóa \'UI/UX căn bản cho lập trình viên\'.',562),(5614,'Bài tập 04: Thiết kế cấu trúc dữ liệu phù hợp','Thực hiện yêu cầu bài tập 04 của buổi 02 trong khóa \'UI/UX căn bản cho lập trình viên\'.',562),(5615,'Bài tập 05: Phân tích và tối ưu truy vấn','Thực hiện yêu cầu bài tập 05 của buổi 02 trong khóa \'UI/UX căn bản cho lập trình viên\'.',562),(5616,'Bài tập 06: Xây dựng API cho chức năng chính','Thực hiện yêu cầu bài tập 06 của buổi 02 trong khóa \'UI/UX căn bản cho lập trình viên\'.',562),(5617,'Bài tập 07: Viết test cho tình huống biên','Thực hiện yêu cầu bài tập 07 của buổi 02 trong khóa \'UI/UX căn bản cho lập trình viên\'.',562),(5618,'Bài tập 08: Đọc log và tìm nguyên nhân lỗi','Thực hiện yêu cầu bài tập 08 của buổi 02 trong khóa \'UI/UX căn bản cho lập trình viên\'.',562),(5619,'Bài tập 09: Hoàn thiện mini task theo yêu cầu','Thực hiện yêu cầu bài tập 09 của buổi 02 trong khóa \'UI/UX căn bản cho lập trình viên\'.',562),(5620,'Bài tập 10: Tự đánh giá và đề xuất cải tiến','Thực hiện yêu cầu bài tập 10 của buổi 02 trong khóa \'UI/UX căn bản cho lập trình viên\'.',562),(5621,'Bài tập 01: Trả lời câu hỏi ôn tập','Thực hiện yêu cầu bài tập 01 của buổi 03 trong khóa \'UI/UX căn bản cho lập trình viên\'.',563),(5622,'Bài tập 02: Sửa lỗi đoạn mã mẫu','Thực hiện yêu cầu bài tập 02 của buổi 03 trong khóa \'UI/UX căn bản cho lập trình viên\'.',563),(5623,'Bài tập 03: Viết hàm xử lý dữ liệu','Thực hiện yêu cầu bài tập 03 của buổi 03 trong khóa \'UI/UX căn bản cho lập trình viên\'.',563),(5624,'Bài tập 04: Thiết kế cấu trúc dữ liệu phù hợp','Thực hiện yêu cầu bài tập 04 của buổi 03 trong khóa \'UI/UX căn bản cho lập trình viên\'.',563),(5625,'Bài tập 05: Phân tích và tối ưu truy vấn','Thực hiện yêu cầu bài tập 05 của buổi 03 trong khóa \'UI/UX căn bản cho lập trình viên\'.',563),(5626,'Bài tập 06: Xây dựng API cho chức năng chính','Thực hiện yêu cầu bài tập 06 của buổi 03 trong khóa \'UI/UX căn bản cho lập trình viên\'.',563),(5627,'Bài tập 07: Viết test cho tình huống biên','Thực hiện yêu cầu bài tập 07 của buổi 03 trong khóa \'UI/UX căn bản cho lập trình viên\'.',563),(5628,'Bài tập 08: Đọc log và tìm nguyên nhân lỗi','Thực hiện yêu cầu bài tập 08 của buổi 03 trong khóa \'UI/UX căn bản cho lập trình viên\'.',563),(5629,'Bài tập 09: Hoàn thiện mini task theo yêu cầu','Thực hiện yêu cầu bài tập 09 của buổi 03 trong khóa \'UI/UX căn bản cho lập trình viên\'.',563),(5630,'Bài tập 10: Tự đánh giá và đề xuất cải tiến','Thực hiện yêu cầu bài tập 10 của buổi 03 trong khóa \'UI/UX căn bản cho lập trình viên\'.',563),(5631,'Bài tập 01: Trả lời câu hỏi ôn tập','Thực hiện yêu cầu bài tập 01 của buổi 04 trong khóa \'UI/UX căn bản cho lập trình viên\'.',564),(5632,'Bài tập 02: Sửa lỗi đoạn mã mẫu','Thực hiện yêu cầu bài tập 02 của buổi 04 trong khóa \'UI/UX căn bản cho lập trình viên\'.',564),(5633,'Bài tập 03: Viết hàm xử lý dữ liệu','Thực hiện yêu cầu bài tập 03 của buổi 04 trong khóa \'UI/UX căn bản cho lập trình viên\'.',564),(5634,'Bài tập 04: Thiết kế cấu trúc dữ liệu phù hợp','Thực hiện yêu cầu bài tập 04 của buổi 04 trong khóa \'UI/UX căn bản cho lập trình viên\'.',564),(5635,'Bài tập 05: Phân tích và tối ưu truy vấn','Thực hiện yêu cầu bài tập 05 của buổi 04 trong khóa \'UI/UX căn bản cho lập trình viên\'.',564),(5636,'Bài tập 06: Xây dựng API cho chức năng chính','Thực hiện yêu cầu bài tập 06 của buổi 04 trong khóa \'UI/UX căn bản cho lập trình viên\'.',564),(5637,'Bài tập 07: Viết test cho tình huống biên','Thực hiện yêu cầu bài tập 07 của buổi 04 trong khóa \'UI/UX căn bản cho lập trình viên\'.',564),(5638,'Bài tập 08: Đọc log và tìm nguyên nhân lỗi','Thực hiện yêu cầu bài tập 08 của buổi 04 trong khóa \'UI/UX căn bản cho lập trình viên\'.',564),(5639,'Bài tập 09: Hoàn thiện mini task theo yêu cầu','Thực hiện yêu cầu bài tập 09 của buổi 04 trong khóa \'UI/UX căn bản cho lập trình viên\'.',564),(5640,'Bài tập 10: Tự đánh giá và đề xuất cải tiến','Thực hiện yêu cầu bài tập 10 của buổi 04 trong khóa \'UI/UX căn bản cho lập trình viên\'.',564),(5641,'Bài tập 01: Trả lời câu hỏi ôn tập','Thực hiện yêu cầu bài tập 01 của buổi 05 trong khóa \'UI/UX căn bản cho lập trình viên\'.',565),(5642,'Bài tập 02: Sửa lỗi đoạn mã mẫu','Thực hiện yêu cầu bài tập 02 của buổi 05 trong khóa \'UI/UX căn bản cho lập trình viên\'.',565),(5643,'Bài tập 03: Viết hàm xử lý dữ liệu','Thực hiện yêu cầu bài tập 03 của buổi 05 trong khóa \'UI/UX căn bản cho lập trình viên\'.',565),(5644,'Bài tập 04: Thiết kế cấu trúc dữ liệu phù hợp','Thực hiện yêu cầu bài tập 04 của buổi 05 trong khóa \'UI/UX căn bản cho lập trình viên\'.',565),(5645,'Bài tập 05: Phân tích và tối ưu truy vấn','Thực hiện yêu cầu bài tập 05 của buổi 05 trong khóa \'UI/UX căn bản cho lập trình viên\'.',565),(5646,'Bài tập 06: Xây dựng API cho chức năng chính','Thực hiện yêu cầu bài tập 06 của buổi 05 trong khóa \'UI/UX căn bản cho lập trình viên\'.',565),(5647,'Bài tập 07: Viết test cho tình huống biên','Thực hiện yêu cầu bài tập 07 của buổi 05 trong khóa \'UI/UX căn bản cho lập trình viên\'.',565),(5648,'Bài tập 08: Đọc log và tìm nguyên nhân lỗi','Thực hiện yêu cầu bài tập 08 của buổi 05 trong khóa \'UI/UX căn bản cho lập trình viên\'.',565),(5649,'Bài tập 09: Hoàn thiện mini task theo yêu cầu','Thực hiện yêu cầu bài tập 09 của buổi 05 trong khóa \'UI/UX căn bản cho lập trình viên\'.',565),(5650,'Bài tập 10: Tự đánh giá và đề xuất cải tiến','Thực hiện yêu cầu bài tập 10 của buổi 05 trong khóa \'UI/UX căn bản cho lập trình viên\'.',565),(5651,'Bài tập 01: Trả lời câu hỏi ôn tập','Thực hiện yêu cầu bài tập 01 của buổi 06 trong khóa \'UI/UX căn bản cho lập trình viên\'.',566),(5652,'Bài tập 02: Sửa lỗi đoạn mã mẫu','Thực hiện yêu cầu bài tập 02 của buổi 06 trong khóa \'UI/UX căn bản cho lập trình viên\'.',566),(5653,'Bài tập 03: Viết hàm xử lý dữ liệu','Thực hiện yêu cầu bài tập 03 của buổi 06 trong khóa \'UI/UX căn bản cho lập trình viên\'.',566),(5654,'Bài tập 04: Thiết kế cấu trúc dữ liệu phù hợp','Thực hiện yêu cầu bài tập 04 của buổi 06 trong khóa \'UI/UX căn bản cho lập trình viên\'.',566),(5655,'Bài tập 05: Phân tích và tối ưu truy vấn','Thực hiện yêu cầu bài tập 05 của buổi 06 trong khóa \'UI/UX căn bản cho lập trình viên\'.',566),(5656,'Bài tập 06: Xây dựng API cho chức năng chính','Thực hiện yêu cầu bài tập 06 của buổi 06 trong khóa \'UI/UX căn bản cho lập trình viên\'.',566),(5657,'Bài tập 07: Viết test cho tình huống biên','Thực hiện yêu cầu bài tập 07 của buổi 06 trong khóa \'UI/UX căn bản cho lập trình viên\'.',566),(5658,'Bài tập 08: Đọc log và tìm nguyên nhân lỗi','Thực hiện yêu cầu bài tập 08 của buổi 06 trong khóa \'UI/UX căn bản cho lập trình viên\'.',566),(5659,'Bài tập 09: Hoàn thiện mini task theo yêu cầu','Thực hiện yêu cầu bài tập 09 của buổi 06 trong khóa \'UI/UX căn bản cho lập trình viên\'.',566),(5660,'Bài tập 10: Tự đánh giá và đề xuất cải tiến','Thực hiện yêu cầu bài tập 10 của buổi 06 trong khóa \'UI/UX căn bản cho lập trình viên\'.',566),(5661,'Bài tập 01: Trả lời câu hỏi ôn tập','Thực hiện yêu cầu bài tập 01 của buổi 07 trong khóa \'UI/UX căn bản cho lập trình viên\'.',567),(5662,'Bài tập 02: Sửa lỗi đoạn mã mẫu','Thực hiện yêu cầu bài tập 02 của buổi 07 trong khóa \'UI/UX căn bản cho lập trình viên\'.',567),(5663,'Bài tập 03: Viết hàm xử lý dữ liệu','Thực hiện yêu cầu bài tập 03 của buổi 07 trong khóa \'UI/UX căn bản cho lập trình viên\'.',567),(5664,'Bài tập 04: Thiết kế cấu trúc dữ liệu phù hợp','Thực hiện yêu cầu bài tập 04 của buổi 07 trong khóa \'UI/UX căn bản cho lập trình viên\'.',567),(5665,'Bài tập 05: Phân tích và tối ưu truy vấn','Thực hiện yêu cầu bài tập 05 của buổi 07 trong khóa \'UI/UX căn bản cho lập trình viên\'.',567),(5666,'Bài tập 06: Xây dựng API cho chức năng chính','Thực hiện yêu cầu bài tập 06 của buổi 07 trong khóa \'UI/UX căn bản cho lập trình viên\'.',567),(5667,'Bài tập 07: Viết test cho tình huống biên','Thực hiện yêu cầu bài tập 07 của buổi 07 trong khóa \'UI/UX căn bản cho lập trình viên\'.',567),(5668,'Bài tập 08: Đọc log và tìm nguyên nhân lỗi','Thực hiện yêu cầu bài tập 08 của buổi 07 trong khóa \'UI/UX căn bản cho lập trình viên\'.',567),(5669,'Bài tập 09: Hoàn thiện mini task theo yêu cầu','Thực hiện yêu cầu bài tập 09 của buổi 07 trong khóa \'UI/UX căn bản cho lập trình viên\'.',567),(5670,'Bài tập 10: Tự đánh giá và đề xuất cải tiến','Thực hiện yêu cầu bài tập 10 của buổi 07 trong khóa \'UI/UX căn bản cho lập trình viên\'.',567),(5671,'Bài tập 01: Trả lời câu hỏi ôn tập','Thực hiện yêu cầu bài tập 01 của buổi 08 trong khóa \'UI/UX căn bản cho lập trình viên\'.',568),(5672,'Bài tập 02: Sửa lỗi đoạn mã mẫu','Thực hiện yêu cầu bài tập 02 của buổi 08 trong khóa \'UI/UX căn bản cho lập trình viên\'.',568),(5673,'Bài tập 03: Viết hàm xử lý dữ liệu','Thực hiện yêu cầu bài tập 03 của buổi 08 trong khóa \'UI/UX căn bản cho lập trình viên\'.',568),(5674,'Bài tập 04: Thiết kế cấu trúc dữ liệu phù hợp','Thực hiện yêu cầu bài tập 04 của buổi 08 trong khóa \'UI/UX căn bản cho lập trình viên\'.',568),(5675,'Bài tập 05: Phân tích và tối ưu truy vấn','Thực hiện yêu cầu bài tập 05 của buổi 08 trong khóa \'UI/UX căn bản cho lập trình viên\'.',568),(5676,'Bài tập 06: Xây dựng API cho chức năng chính','Thực hiện yêu cầu bài tập 06 của buổi 08 trong khóa \'UI/UX căn bản cho lập trình viên\'.',568),(5677,'Bài tập 07: Viết test cho tình huống biên','Thực hiện yêu cầu bài tập 07 của buổi 08 trong khóa \'UI/UX căn bản cho lập trình viên\'.',568),(5678,'Bài tập 08: Đọc log và tìm nguyên nhân lỗi','Thực hiện yêu cầu bài tập 08 của buổi 08 trong khóa \'UI/UX căn bản cho lập trình viên\'.',568),(5679,'Bài tập 09: Hoàn thiện mini task theo yêu cầu','Thực hiện yêu cầu bài tập 09 của buổi 08 trong khóa \'UI/UX căn bản cho lập trình viên\'.',568),(5680,'Bài tập 10: Tự đánh giá và đề xuất cải tiến','Thực hiện yêu cầu bài tập 10 của buổi 08 trong khóa \'UI/UX căn bản cho lập trình viên\'.',568),(5681,'Bài tập 01: Trả lời câu hỏi ôn tập','Thực hiện yêu cầu bài tập 01 của buổi 09 trong khóa \'UI/UX căn bản cho lập trình viên\'.',569),(5682,'Bài tập 02: Sửa lỗi đoạn mã mẫu','Thực hiện yêu cầu bài tập 02 của buổi 09 trong khóa \'UI/UX căn bản cho lập trình viên\'.',569),(5683,'Bài tập 03: Viết hàm xử lý dữ liệu','Thực hiện yêu cầu bài tập 03 của buổi 09 trong khóa \'UI/UX căn bản cho lập trình viên\'.',569),(5684,'Bài tập 04: Thiết kế cấu trúc dữ liệu phù hợp','Thực hiện yêu cầu bài tập 04 của buổi 09 trong khóa \'UI/UX căn bản cho lập trình viên\'.',569),(5685,'Bài tập 05: Phân tích và tối ưu truy vấn','Thực hiện yêu cầu bài tập 05 của buổi 09 trong khóa \'UI/UX căn bản cho lập trình viên\'.',569),(5686,'Bài tập 06: Xây dựng API cho chức năng chính','Thực hiện yêu cầu bài tập 06 của buổi 09 trong khóa \'UI/UX căn bản cho lập trình viên\'.',569),(5687,'Bài tập 07: Viết test cho tình huống biên','Thực hiện yêu cầu bài tập 07 của buổi 09 trong khóa \'UI/UX căn bản cho lập trình viên\'.',569),(5688,'Bài tập 08: Đọc log và tìm nguyên nhân lỗi','Thực hiện yêu cầu bài tập 08 của buổi 09 trong khóa \'UI/UX căn bản cho lập trình viên\'.',569),(5689,'Bài tập 09: Hoàn thiện mini task theo yêu cầu','Thực hiện yêu cầu bài tập 09 của buổi 09 trong khóa \'UI/UX căn bản cho lập trình viên\'.',569),(5690,'Bài tập 10: Tự đánh giá và đề xuất cải tiến','Thực hiện yêu cầu bài tập 10 của buổi 09 trong khóa \'UI/UX căn bản cho lập trình viên\'.',569),(5691,'Bài tập 01: Trả lời câu hỏi ôn tập','Thực hiện yêu cầu bài tập 01 của buổi 10 trong khóa \'UI/UX căn bản cho lập trình viên\'.',570),(5692,'Bài tập 02: Sửa lỗi đoạn mã mẫu','Thực hiện yêu cầu bài tập 02 của buổi 10 trong khóa \'UI/UX căn bản cho lập trình viên\'.',570),(5693,'Bài tập 03: Viết hàm xử lý dữ liệu','Thực hiện yêu cầu bài tập 03 của buổi 10 trong khóa \'UI/UX căn bản cho lập trình viên\'.',570),(5694,'Bài tập 04: Thiết kế cấu trúc dữ liệu phù hợp','Thực hiện yêu cầu bài tập 04 của buổi 10 trong khóa \'UI/UX căn bản cho lập trình viên\'.',570),(5695,'Bài tập 05: Phân tích và tối ưu truy vấn','Thực hiện yêu cầu bài tập 05 của buổi 10 trong khóa \'UI/UX căn bản cho lập trình viên\'.',570),(5696,'Bài tập 06: Xây dựng API cho chức năng chính','Thực hiện yêu cầu bài tập 06 của buổi 10 trong khóa \'UI/UX căn bản cho lập trình viên\'.',570),(5697,'Bài tập 07: Viết test cho tình huống biên','Thực hiện yêu cầu bài tập 07 của buổi 10 trong khóa \'UI/UX căn bản cho lập trình viên\'.',570),(5698,'Bài tập 08: Đọc log và tìm nguyên nhân lỗi','Thực hiện yêu cầu bài tập 08 của buổi 10 trong khóa \'UI/UX căn bản cho lập trình viên\'.',570),(5699,'Bài tập 09: Hoàn thiện mini task theo yêu cầu','Thực hiện yêu cầu bài tập 09 của buổi 10 trong khóa \'UI/UX căn bản cho lập trình viên\'.',570),(5700,'Bài tập 10: Tự đánh giá và đề xuất cải tiến','Thực hiện yêu cầu bài tập 10 của buổi 10 trong khóa \'UI/UX căn bản cho lập trình viên\'.',570),(5701,'Bài tập 01: Trả lời câu hỏi ôn tập','Thực hiện yêu cầu bài tập 01 của buổi 01 trong khóa \'Thuật toán và cấu trúc dữ liệu nền tảng\'.',571),(5702,'Bài tập 02: Sửa lỗi đoạn mã mẫu','Thực hiện yêu cầu bài tập 02 của buổi 01 trong khóa \'Thuật toán và cấu trúc dữ liệu nền tảng\'.',571),(5703,'Bài tập 03: Viết hàm xử lý dữ liệu','Thực hiện yêu cầu bài tập 03 của buổi 01 trong khóa \'Thuật toán và cấu trúc dữ liệu nền tảng\'.',571),(5704,'Bài tập 04: Thiết kế cấu trúc dữ liệu phù hợp','Thực hiện yêu cầu bài tập 04 của buổi 01 trong khóa \'Thuật toán và cấu trúc dữ liệu nền tảng\'.',571),(5705,'Bài tập 05: Phân tích và tối ưu truy vấn','Thực hiện yêu cầu bài tập 05 của buổi 01 trong khóa \'Thuật toán và cấu trúc dữ liệu nền tảng\'.',571),(5706,'Bài tập 06: Xây dựng API cho chức năng chính','Thực hiện yêu cầu bài tập 06 của buổi 01 trong khóa \'Thuật toán và cấu trúc dữ liệu nền tảng\'.',571),(5707,'Bài tập 07: Viết test cho tình huống biên','Thực hiện yêu cầu bài tập 07 của buổi 01 trong khóa \'Thuật toán và cấu trúc dữ liệu nền tảng\'.',571),(5708,'Bài tập 08: Đọc log và tìm nguyên nhân lỗi','Thực hiện yêu cầu bài tập 08 của buổi 01 trong khóa \'Thuật toán và cấu trúc dữ liệu nền tảng\'.',571),(5709,'Bài tập 09: Hoàn thiện mini task theo yêu cầu','Thực hiện yêu cầu bài tập 09 của buổi 01 trong khóa \'Thuật toán và cấu trúc dữ liệu nền tảng\'.',571),(5710,'Bài tập 10: Tự đánh giá và đề xuất cải tiến','Thực hiện yêu cầu bài tập 10 của buổi 01 trong khóa \'Thuật toán và cấu trúc dữ liệu nền tảng\'.',571),(5711,'Bài tập 01: Trả lời câu hỏi ôn tập','Thực hiện yêu cầu bài tập 01 của buổi 02 trong khóa \'Thuật toán và cấu trúc dữ liệu nền tảng\'.',572),(5712,'Bài tập 02: Sửa lỗi đoạn mã mẫu','Thực hiện yêu cầu bài tập 02 của buổi 02 trong khóa \'Thuật toán và cấu trúc dữ liệu nền tảng\'.',572),(5713,'Bài tập 03: Viết hàm xử lý dữ liệu','Thực hiện yêu cầu bài tập 03 của buổi 02 trong khóa \'Thuật toán và cấu trúc dữ liệu nền tảng\'.',572),(5714,'Bài tập 04: Thiết kế cấu trúc dữ liệu phù hợp','Thực hiện yêu cầu bài tập 04 của buổi 02 trong khóa \'Thuật toán và cấu trúc dữ liệu nền tảng\'.',572),(5715,'Bài tập 05: Phân tích và tối ưu truy vấn','Thực hiện yêu cầu bài tập 05 của buổi 02 trong khóa \'Thuật toán và cấu trúc dữ liệu nền tảng\'.',572),(5716,'Bài tập 06: Xây dựng API cho chức năng chính','Thực hiện yêu cầu bài tập 06 của buổi 02 trong khóa \'Thuật toán và cấu trúc dữ liệu nền tảng\'.',572),(5717,'Bài tập 07: Viết test cho tình huống biên','Thực hiện yêu cầu bài tập 07 của buổi 02 trong khóa \'Thuật toán và cấu trúc dữ liệu nền tảng\'.',572),(5718,'Bài tập 08: Đọc log và tìm nguyên nhân lỗi','Thực hiện yêu cầu bài tập 08 của buổi 02 trong khóa \'Thuật toán và cấu trúc dữ liệu nền tảng\'.',572),(5719,'Bài tập 09: Hoàn thiện mini task theo yêu cầu','Thực hiện yêu cầu bài tập 09 của buổi 02 trong khóa \'Thuật toán và cấu trúc dữ liệu nền tảng\'.',572),(5720,'Bài tập 10: Tự đánh giá và đề xuất cải tiến','Thực hiện yêu cầu bài tập 10 của buổi 02 trong khóa \'Thuật toán và cấu trúc dữ liệu nền tảng\'.',572),(5721,'Bài tập 01: Trả lời câu hỏi ôn tập','Thực hiện yêu cầu bài tập 01 của buổi 03 trong khóa \'Thuật toán và cấu trúc dữ liệu nền tảng\'.',573),(5722,'Bài tập 02: Sửa lỗi đoạn mã mẫu','Thực hiện yêu cầu bài tập 02 của buổi 03 trong khóa \'Thuật toán và cấu trúc dữ liệu nền tảng\'.',573),(5723,'Bài tập 03: Viết hàm xử lý dữ liệu','Thực hiện yêu cầu bài tập 03 của buổi 03 trong khóa \'Thuật toán và cấu trúc dữ liệu nền tảng\'.',573),(5724,'Bài tập 04: Thiết kế cấu trúc dữ liệu phù hợp','Thực hiện yêu cầu bài tập 04 của buổi 03 trong khóa \'Thuật toán và cấu trúc dữ liệu nền tảng\'.',573),(5725,'Bài tập 05: Phân tích và tối ưu truy vấn','Thực hiện yêu cầu bài tập 05 của buổi 03 trong khóa \'Thuật toán và cấu trúc dữ liệu nền tảng\'.',573),(5726,'Bài tập 06: Xây dựng API cho chức năng chính','Thực hiện yêu cầu bài tập 06 của buổi 03 trong khóa \'Thuật toán và cấu trúc dữ liệu nền tảng\'.',573),(5727,'Bài tập 07: Viết test cho tình huống biên','Thực hiện yêu cầu bài tập 07 của buổi 03 trong khóa \'Thuật toán và cấu trúc dữ liệu nền tảng\'.',573),(5728,'Bài tập 08: Đọc log và tìm nguyên nhân lỗi','Thực hiện yêu cầu bài tập 08 của buổi 03 trong khóa \'Thuật toán và cấu trúc dữ liệu nền tảng\'.',573),(5729,'Bài tập 09: Hoàn thiện mini task theo yêu cầu','Thực hiện yêu cầu bài tập 09 của buổi 03 trong khóa \'Thuật toán và cấu trúc dữ liệu nền tảng\'.',573),(5730,'Bài tập 10: Tự đánh giá và đề xuất cải tiến','Thực hiện yêu cầu bài tập 10 của buổi 03 trong khóa \'Thuật toán và cấu trúc dữ liệu nền tảng\'.',573),(5731,'Bài tập 01: Trả lời câu hỏi ôn tập','Thực hiện yêu cầu bài tập 01 của buổi 04 trong khóa \'Thuật toán và cấu trúc dữ liệu nền tảng\'.',574),(5732,'Bài tập 02: Sửa lỗi đoạn mã mẫu','Thực hiện yêu cầu bài tập 02 của buổi 04 trong khóa \'Thuật toán và cấu trúc dữ liệu nền tảng\'.',574),(5733,'Bài tập 03: Viết hàm xử lý dữ liệu','Thực hiện yêu cầu bài tập 03 của buổi 04 trong khóa \'Thuật toán và cấu trúc dữ liệu nền tảng\'.',574),(5734,'Bài tập 04: Thiết kế cấu trúc dữ liệu phù hợp','Thực hiện yêu cầu bài tập 04 của buổi 04 trong khóa \'Thuật toán và cấu trúc dữ liệu nền tảng\'.',574),(5735,'Bài tập 05: Phân tích và tối ưu truy vấn','Thực hiện yêu cầu bài tập 05 của buổi 04 trong khóa \'Thuật toán và cấu trúc dữ liệu nền tảng\'.',574),(5736,'Bài tập 06: Xây dựng API cho chức năng chính','Thực hiện yêu cầu bài tập 06 của buổi 04 trong khóa \'Thuật toán và cấu trúc dữ liệu nền tảng\'.',574),(5737,'Bài tập 07: Viết test cho tình huống biên','Thực hiện yêu cầu bài tập 07 của buổi 04 trong khóa \'Thuật toán và cấu trúc dữ liệu nền tảng\'.',574),(5738,'Bài tập 08: Đọc log và tìm nguyên nhân lỗi','Thực hiện yêu cầu bài tập 08 của buổi 04 trong khóa \'Thuật toán và cấu trúc dữ liệu nền tảng\'.',574),(5739,'Bài tập 09: Hoàn thiện mini task theo yêu cầu','Thực hiện yêu cầu bài tập 09 của buổi 04 trong khóa \'Thuật toán và cấu trúc dữ liệu nền tảng\'.',574),(5740,'Bài tập 10: Tự đánh giá và đề xuất cải tiến','Thực hiện yêu cầu bài tập 10 của buổi 04 trong khóa \'Thuật toán và cấu trúc dữ liệu nền tảng\'.',574),(5741,'Bài tập 01: Trả lời câu hỏi ôn tập','Thực hiện yêu cầu bài tập 01 của buổi 05 trong khóa \'Thuật toán và cấu trúc dữ liệu nền tảng\'.',575),(5742,'Bài tập 02: Sửa lỗi đoạn mã mẫu','Thực hiện yêu cầu bài tập 02 của buổi 05 trong khóa \'Thuật toán và cấu trúc dữ liệu nền tảng\'.',575),(5743,'Bài tập 03: Viết hàm xử lý dữ liệu','Thực hiện yêu cầu bài tập 03 của buổi 05 trong khóa \'Thuật toán và cấu trúc dữ liệu nền tảng\'.',575),(5744,'Bài tập 04: Thiết kế cấu trúc dữ liệu phù hợp','Thực hiện yêu cầu bài tập 04 của buổi 05 trong khóa \'Thuật toán và cấu trúc dữ liệu nền tảng\'.',575),(5745,'Bài tập 05: Phân tích và tối ưu truy vấn','Thực hiện yêu cầu bài tập 05 của buổi 05 trong khóa \'Thuật toán và cấu trúc dữ liệu nền tảng\'.',575),(5746,'Bài tập 06: Xây dựng API cho chức năng chính','Thực hiện yêu cầu bài tập 06 của buổi 05 trong khóa \'Thuật toán và cấu trúc dữ liệu nền tảng\'.',575),(5747,'Bài tập 07: Viết test cho tình huống biên','Thực hiện yêu cầu bài tập 07 của buổi 05 trong khóa \'Thuật toán và cấu trúc dữ liệu nền tảng\'.',575),(5748,'Bài tập 08: Đọc log và tìm nguyên nhân lỗi','Thực hiện yêu cầu bài tập 08 của buổi 05 trong khóa \'Thuật toán và cấu trúc dữ liệu nền tảng\'.',575),(5749,'Bài tập 09: Hoàn thiện mini task theo yêu cầu','Thực hiện yêu cầu bài tập 09 của buổi 05 trong khóa \'Thuật toán và cấu trúc dữ liệu nền tảng\'.',575),(5750,'Bài tập 10: Tự đánh giá và đề xuất cải tiến','Thực hiện yêu cầu bài tập 10 của buổi 05 trong khóa \'Thuật toán và cấu trúc dữ liệu nền tảng\'.',575),(5751,'Bài tập 01: Trả lời câu hỏi ôn tập','Thực hiện yêu cầu bài tập 01 của buổi 06 trong khóa \'Thuật toán và cấu trúc dữ liệu nền tảng\'.',576),(5752,'Bài tập 02: Sửa lỗi đoạn mã mẫu','Thực hiện yêu cầu bài tập 02 của buổi 06 trong khóa \'Thuật toán và cấu trúc dữ liệu nền tảng\'.',576),(5753,'Bài tập 03: Viết hàm xử lý dữ liệu','Thực hiện yêu cầu bài tập 03 của buổi 06 trong khóa \'Thuật toán và cấu trúc dữ liệu nền tảng\'.',576),(5754,'Bài tập 04: Thiết kế cấu trúc dữ liệu phù hợp','Thực hiện yêu cầu bài tập 04 của buổi 06 trong khóa \'Thuật toán và cấu trúc dữ liệu nền tảng\'.',576),(5755,'Bài tập 05: Phân tích và tối ưu truy vấn','Thực hiện yêu cầu bài tập 05 của buổi 06 trong khóa \'Thuật toán và cấu trúc dữ liệu nền tảng\'.',576),(5756,'Bài tập 06: Xây dựng API cho chức năng chính','Thực hiện yêu cầu bài tập 06 của buổi 06 trong khóa \'Thuật toán và cấu trúc dữ liệu nền tảng\'.',576),(5757,'Bài tập 07: Viết test cho tình huống biên','Thực hiện yêu cầu bài tập 07 của buổi 06 trong khóa \'Thuật toán và cấu trúc dữ liệu nền tảng\'.',576),(5758,'Bài tập 08: Đọc log và tìm nguyên nhân lỗi','Thực hiện yêu cầu bài tập 08 của buổi 06 trong khóa \'Thuật toán và cấu trúc dữ liệu nền tảng\'.',576),(5759,'Bài tập 09: Hoàn thiện mini task theo yêu cầu','Thực hiện yêu cầu bài tập 09 của buổi 06 trong khóa \'Thuật toán và cấu trúc dữ liệu nền tảng\'.',576),(5760,'Bài tập 10: Tự đánh giá và đề xuất cải tiến','Thực hiện yêu cầu bài tập 10 của buổi 06 trong khóa \'Thuật toán và cấu trúc dữ liệu nền tảng\'.',576),(5761,'Bài tập 01: Trả lời câu hỏi ôn tập','Thực hiện yêu cầu bài tập 01 của buổi 07 trong khóa \'Thuật toán và cấu trúc dữ liệu nền tảng\'.',577),(5762,'Bài tập 02: Sửa lỗi đoạn mã mẫu','Thực hiện yêu cầu bài tập 02 của buổi 07 trong khóa \'Thuật toán và cấu trúc dữ liệu nền tảng\'.',577),(5763,'Bài tập 03: Viết hàm xử lý dữ liệu','Thực hiện yêu cầu bài tập 03 của buổi 07 trong khóa \'Thuật toán và cấu trúc dữ liệu nền tảng\'.',577),(5764,'Bài tập 04: Thiết kế cấu trúc dữ liệu phù hợp','Thực hiện yêu cầu bài tập 04 của buổi 07 trong khóa \'Thuật toán và cấu trúc dữ liệu nền tảng\'.',577),(5765,'Bài tập 05: Phân tích và tối ưu truy vấn','Thực hiện yêu cầu bài tập 05 của buổi 07 trong khóa \'Thuật toán và cấu trúc dữ liệu nền tảng\'.',577),(5766,'Bài tập 06: Xây dựng API cho chức năng chính','Thực hiện yêu cầu bài tập 06 của buổi 07 trong khóa \'Thuật toán và cấu trúc dữ liệu nền tảng\'.',577),(5767,'Bài tập 07: Viết test cho tình huống biên','Thực hiện yêu cầu bài tập 07 của buổi 07 trong khóa \'Thuật toán và cấu trúc dữ liệu nền tảng\'.',577),(5768,'Bài tập 08: Đọc log và tìm nguyên nhân lỗi','Thực hiện yêu cầu bài tập 08 của buổi 07 trong khóa \'Thuật toán và cấu trúc dữ liệu nền tảng\'.',577),(5769,'Bài tập 09: Hoàn thiện mini task theo yêu cầu','Thực hiện yêu cầu bài tập 09 của buổi 07 trong khóa \'Thuật toán và cấu trúc dữ liệu nền tảng\'.',577),(5770,'Bài tập 10: Tự đánh giá và đề xuất cải tiến','Thực hiện yêu cầu bài tập 10 của buổi 07 trong khóa \'Thuật toán và cấu trúc dữ liệu nền tảng\'.',577),(5771,'Bài tập 01: Trả lời câu hỏi ôn tập','Thực hiện yêu cầu bài tập 01 của buổi 08 trong khóa \'Thuật toán và cấu trúc dữ liệu nền tảng\'.',578),(5772,'Bài tập 02: Sửa lỗi đoạn mã mẫu','Thực hiện yêu cầu bài tập 02 của buổi 08 trong khóa \'Thuật toán và cấu trúc dữ liệu nền tảng\'.',578),(5773,'Bài tập 03: Viết hàm xử lý dữ liệu','Thực hiện yêu cầu bài tập 03 của buổi 08 trong khóa \'Thuật toán và cấu trúc dữ liệu nền tảng\'.',578),(5774,'Bài tập 04: Thiết kế cấu trúc dữ liệu phù hợp','Thực hiện yêu cầu bài tập 04 của buổi 08 trong khóa \'Thuật toán và cấu trúc dữ liệu nền tảng\'.',578),(5775,'Bài tập 05: Phân tích và tối ưu truy vấn','Thực hiện yêu cầu bài tập 05 của buổi 08 trong khóa \'Thuật toán và cấu trúc dữ liệu nền tảng\'.',578),(5776,'Bài tập 06: Xây dựng API cho chức năng chính','Thực hiện yêu cầu bài tập 06 của buổi 08 trong khóa \'Thuật toán và cấu trúc dữ liệu nền tảng\'.',578),(5777,'Bài tập 07: Viết test cho tình huống biên','Thực hiện yêu cầu bài tập 07 của buổi 08 trong khóa \'Thuật toán và cấu trúc dữ liệu nền tảng\'.',578),(5778,'Bài tập 08: Đọc log và tìm nguyên nhân lỗi','Thực hiện yêu cầu bài tập 08 của buổi 08 trong khóa \'Thuật toán và cấu trúc dữ liệu nền tảng\'.',578),(5779,'Bài tập 09: Hoàn thiện mini task theo yêu cầu','Thực hiện yêu cầu bài tập 09 của buổi 08 trong khóa \'Thuật toán và cấu trúc dữ liệu nền tảng\'.',578),(5780,'Bài tập 10: Tự đánh giá và đề xuất cải tiến','Thực hiện yêu cầu bài tập 10 của buổi 08 trong khóa \'Thuật toán và cấu trúc dữ liệu nền tảng\'.',578),(5781,'Bài tập 01: Trả lời câu hỏi ôn tập','Thực hiện yêu cầu bài tập 01 của buổi 09 trong khóa \'Thuật toán và cấu trúc dữ liệu nền tảng\'.',579),(5782,'Bài tập 02: Sửa lỗi đoạn mã mẫu','Thực hiện yêu cầu bài tập 02 của buổi 09 trong khóa \'Thuật toán và cấu trúc dữ liệu nền tảng\'.',579),(5783,'Bài tập 03: Viết hàm xử lý dữ liệu','Thực hiện yêu cầu bài tập 03 của buổi 09 trong khóa \'Thuật toán và cấu trúc dữ liệu nền tảng\'.',579),(5784,'Bài tập 04: Thiết kế cấu trúc dữ liệu phù hợp','Thực hiện yêu cầu bài tập 04 của buổi 09 trong khóa \'Thuật toán và cấu trúc dữ liệu nền tảng\'.',579),(5785,'Bài tập 05: Phân tích và tối ưu truy vấn','Thực hiện yêu cầu bài tập 05 của buổi 09 trong khóa \'Thuật toán và cấu trúc dữ liệu nền tảng\'.',579),(5786,'Bài tập 06: Xây dựng API cho chức năng chính','Thực hiện yêu cầu bài tập 06 của buổi 09 trong khóa \'Thuật toán và cấu trúc dữ liệu nền tảng\'.',579),(5787,'Bài tập 07: Viết test cho tình huống biên','Thực hiện yêu cầu bài tập 07 của buổi 09 trong khóa \'Thuật toán và cấu trúc dữ liệu nền tảng\'.',579),(5788,'Bài tập 08: Đọc log và tìm nguyên nhân lỗi','Thực hiện yêu cầu bài tập 08 của buổi 09 trong khóa \'Thuật toán và cấu trúc dữ liệu nền tảng\'.',579),(5789,'Bài tập 09: Hoàn thiện mini task theo yêu cầu','Thực hiện yêu cầu bài tập 09 của buổi 09 trong khóa \'Thuật toán và cấu trúc dữ liệu nền tảng\'.',579),(5790,'Bài tập 10: Tự đánh giá và đề xuất cải tiến','Thực hiện yêu cầu bài tập 10 của buổi 09 trong khóa \'Thuật toán và cấu trúc dữ liệu nền tảng\'.',579),(5791,'Bài tập 01: Trả lời câu hỏi ôn tập','Thực hiện yêu cầu bài tập 01 của buổi 10 trong khóa \'Thuật toán và cấu trúc dữ liệu nền tảng\'.',580),(5792,'Bài tập 02: Sửa lỗi đoạn mã mẫu','Thực hiện yêu cầu bài tập 02 của buổi 10 trong khóa \'Thuật toán và cấu trúc dữ liệu nền tảng\'.',580),(5793,'Bài tập 03: Viết hàm xử lý dữ liệu','Thực hiện yêu cầu bài tập 03 của buổi 10 trong khóa \'Thuật toán và cấu trúc dữ liệu nền tảng\'.',580),(5794,'Bài tập 04: Thiết kế cấu trúc dữ liệu phù hợp','Thực hiện yêu cầu bài tập 04 của buổi 10 trong khóa \'Thuật toán và cấu trúc dữ liệu nền tảng\'.',580),(5795,'Bài tập 05: Phân tích và tối ưu truy vấn','Thực hiện yêu cầu bài tập 05 của buổi 10 trong khóa \'Thuật toán và cấu trúc dữ liệu nền tảng\'.',580),(5796,'Bài tập 06: Xây dựng API cho chức năng chính','Thực hiện yêu cầu bài tập 06 của buổi 10 trong khóa \'Thuật toán và cấu trúc dữ liệu nền tảng\'.',580),(5797,'Bài tập 07: Viết test cho tình huống biên','Thực hiện yêu cầu bài tập 07 của buổi 10 trong khóa \'Thuật toán và cấu trúc dữ liệu nền tảng\'.',580),(5798,'Bài tập 08: Đọc log và tìm nguyên nhân lỗi','Thực hiện yêu cầu bài tập 08 của buổi 10 trong khóa \'Thuật toán và cấu trúc dữ liệu nền tảng\'.',580),(5799,'Bài tập 09: Hoàn thiện mini task theo yêu cầu','Thực hiện yêu cầu bài tập 09 của buổi 10 trong khóa \'Thuật toán và cấu trúc dữ liệu nền tảng\'.',580),(5800,'Bài tập 10: Tự đánh giá và đề xuất cải tiến','Thực hiện yêu cầu bài tập 10 của buổi 10 trong khóa \'Thuật toán và cấu trúc dữ liệu nền tảng\'.',580),(5801,'Bài tập 01: Trả lời câu hỏi ôn tập','Thực hiện yêu cầu bài tập 01 của buổi 01 trong khóa \'Git và quy trình làm việc nhóm\'.',581),(5802,'Bài tập 02: Sửa lỗi đoạn mã mẫu','Thực hiện yêu cầu bài tập 02 của buổi 01 trong khóa \'Git và quy trình làm việc nhóm\'.',581),(5803,'Bài tập 03: Viết hàm xử lý dữ liệu','Thực hiện yêu cầu bài tập 03 của buổi 01 trong khóa \'Git và quy trình làm việc nhóm\'.',581),(5804,'Bài tập 04: Thiết kế cấu trúc dữ liệu phù hợp','Thực hiện yêu cầu bài tập 04 của buổi 01 trong khóa \'Git và quy trình làm việc nhóm\'.',581),(5805,'Bài tập 05: Phân tích và tối ưu truy vấn','Thực hiện yêu cầu bài tập 05 của buổi 01 trong khóa \'Git và quy trình làm việc nhóm\'.',581),(5806,'Bài tập 06: Xây dựng API cho chức năng chính','Thực hiện yêu cầu bài tập 06 của buổi 01 trong khóa \'Git và quy trình làm việc nhóm\'.',581),(5807,'Bài tập 07: Viết test cho tình huống biên','Thực hiện yêu cầu bài tập 07 của buổi 01 trong khóa \'Git và quy trình làm việc nhóm\'.',581),(5808,'Bài tập 08: Đọc log và tìm nguyên nhân lỗi','Thực hiện yêu cầu bài tập 08 của buổi 01 trong khóa \'Git và quy trình làm việc nhóm\'.',581),(5809,'Bài tập 09: Hoàn thiện mini task theo yêu cầu','Thực hiện yêu cầu bài tập 09 của buổi 01 trong khóa \'Git và quy trình làm việc nhóm\'.',581),(5810,'Bài tập 10: Tự đánh giá và đề xuất cải tiến','Thực hiện yêu cầu bài tập 10 của buổi 01 trong khóa \'Git và quy trình làm việc nhóm\'.',581),(5811,'Bài tập 01: Trả lời câu hỏi ôn tập','Thực hiện yêu cầu bài tập 01 của buổi 02 trong khóa \'Git và quy trình làm việc nhóm\'.',582),(5812,'Bài tập 02: Sửa lỗi đoạn mã mẫu','Thực hiện yêu cầu bài tập 02 của buổi 02 trong khóa \'Git và quy trình làm việc nhóm\'.',582),(5813,'Bài tập 03: Viết hàm xử lý dữ liệu','Thực hiện yêu cầu bài tập 03 của buổi 02 trong khóa \'Git và quy trình làm việc nhóm\'.',582),(5814,'Bài tập 04: Thiết kế cấu trúc dữ liệu phù hợp','Thực hiện yêu cầu bài tập 04 của buổi 02 trong khóa \'Git và quy trình làm việc nhóm\'.',582),(5815,'Bài tập 05: Phân tích và tối ưu truy vấn','Thực hiện yêu cầu bài tập 05 của buổi 02 trong khóa \'Git và quy trình làm việc nhóm\'.',582),(5816,'Bài tập 06: Xây dựng API cho chức năng chính','Thực hiện yêu cầu bài tập 06 của buổi 02 trong khóa \'Git và quy trình làm việc nhóm\'.',582),(5817,'Bài tập 07: Viết test cho tình huống biên','Thực hiện yêu cầu bài tập 07 của buổi 02 trong khóa \'Git và quy trình làm việc nhóm\'.',582),(5818,'Bài tập 08: Đọc log và tìm nguyên nhân lỗi','Thực hiện yêu cầu bài tập 08 của buổi 02 trong khóa \'Git và quy trình làm việc nhóm\'.',582),(5819,'Bài tập 09: Hoàn thiện mini task theo yêu cầu','Thực hiện yêu cầu bài tập 09 của buổi 02 trong khóa \'Git và quy trình làm việc nhóm\'.',582),(5820,'Bài tập 10: Tự đánh giá và đề xuất cải tiến','Thực hiện yêu cầu bài tập 10 của buổi 02 trong khóa \'Git và quy trình làm việc nhóm\'.',582),(5821,'Bài tập 01: Trả lời câu hỏi ôn tập','Thực hiện yêu cầu bài tập 01 của buổi 03 trong khóa \'Git và quy trình làm việc nhóm\'.',583),(5822,'Bài tập 02: Sửa lỗi đoạn mã mẫu','Thực hiện yêu cầu bài tập 02 của buổi 03 trong khóa \'Git và quy trình làm việc nhóm\'.',583),(5823,'Bài tập 03: Viết hàm xử lý dữ liệu','Thực hiện yêu cầu bài tập 03 của buổi 03 trong khóa \'Git và quy trình làm việc nhóm\'.',583),(5824,'Bài tập 04: Thiết kế cấu trúc dữ liệu phù hợp','Thực hiện yêu cầu bài tập 04 của buổi 03 trong khóa \'Git và quy trình làm việc nhóm\'.',583),(5825,'Bài tập 05: Phân tích và tối ưu truy vấn','Thực hiện yêu cầu bài tập 05 của buổi 03 trong khóa \'Git và quy trình làm việc nhóm\'.',583),(5826,'Bài tập 06: Xây dựng API cho chức năng chính','Thực hiện yêu cầu bài tập 06 của buổi 03 trong khóa \'Git và quy trình làm việc nhóm\'.',583),(5827,'Bài tập 07: Viết test cho tình huống biên','Thực hiện yêu cầu bài tập 07 của buổi 03 trong khóa \'Git và quy trình làm việc nhóm\'.',583),(5828,'Bài tập 08: Đọc log và tìm nguyên nhân lỗi','Thực hiện yêu cầu bài tập 08 của buổi 03 trong khóa \'Git và quy trình làm việc nhóm\'.',583),(5829,'Bài tập 09: Hoàn thiện mini task theo yêu cầu','Thực hiện yêu cầu bài tập 09 của buổi 03 trong khóa \'Git và quy trình làm việc nhóm\'.',583),(5830,'Bài tập 10: Tự đánh giá và đề xuất cải tiến','Thực hiện yêu cầu bài tập 10 của buổi 03 trong khóa \'Git và quy trình làm việc nhóm\'.',583),(5831,'Bài tập 01: Trả lời câu hỏi ôn tập','Thực hiện yêu cầu bài tập 01 của buổi 04 trong khóa \'Git và quy trình làm việc nhóm\'.',584),(5832,'Bài tập 02: Sửa lỗi đoạn mã mẫu','Thực hiện yêu cầu bài tập 02 của buổi 04 trong khóa \'Git và quy trình làm việc nhóm\'.',584),(5833,'Bài tập 03: Viết hàm xử lý dữ liệu','Thực hiện yêu cầu bài tập 03 của buổi 04 trong khóa \'Git và quy trình làm việc nhóm\'.',584),(5834,'Bài tập 04: Thiết kế cấu trúc dữ liệu phù hợp','Thực hiện yêu cầu bài tập 04 của buổi 04 trong khóa \'Git và quy trình làm việc nhóm\'.',584),(5835,'Bài tập 05: Phân tích và tối ưu truy vấn','Thực hiện yêu cầu bài tập 05 của buổi 04 trong khóa \'Git và quy trình làm việc nhóm\'.',584),(5836,'Bài tập 06: Xây dựng API cho chức năng chính','Thực hiện yêu cầu bài tập 06 của buổi 04 trong khóa \'Git và quy trình làm việc nhóm\'.',584),(5837,'Bài tập 07: Viết test cho tình huống biên','Thực hiện yêu cầu bài tập 07 của buổi 04 trong khóa \'Git và quy trình làm việc nhóm\'.',584),(5838,'Bài tập 08: Đọc log và tìm nguyên nhân lỗi','Thực hiện yêu cầu bài tập 08 của buổi 04 trong khóa \'Git và quy trình làm việc nhóm\'.',584),(5839,'Bài tập 09: Hoàn thiện mini task theo yêu cầu','Thực hiện yêu cầu bài tập 09 của buổi 04 trong khóa \'Git và quy trình làm việc nhóm\'.',584),(5840,'Bài tập 10: Tự đánh giá và đề xuất cải tiến','Thực hiện yêu cầu bài tập 10 của buổi 04 trong khóa \'Git và quy trình làm việc nhóm\'.',584),(5841,'Bài tập 01: Trả lời câu hỏi ôn tập','Thực hiện yêu cầu bài tập 01 của buổi 05 trong khóa \'Git và quy trình làm việc nhóm\'.',585),(5842,'Bài tập 02: Sửa lỗi đoạn mã mẫu','Thực hiện yêu cầu bài tập 02 của buổi 05 trong khóa \'Git và quy trình làm việc nhóm\'.',585),(5843,'Bài tập 03: Viết hàm xử lý dữ liệu','Thực hiện yêu cầu bài tập 03 của buổi 05 trong khóa \'Git và quy trình làm việc nhóm\'.',585),(5844,'Bài tập 04: Thiết kế cấu trúc dữ liệu phù hợp','Thực hiện yêu cầu bài tập 04 của buổi 05 trong khóa \'Git và quy trình làm việc nhóm\'.',585),(5845,'Bài tập 05: Phân tích và tối ưu truy vấn','Thực hiện yêu cầu bài tập 05 của buổi 05 trong khóa \'Git và quy trình làm việc nhóm\'.',585),(5846,'Bài tập 06: Xây dựng API cho chức năng chính','Thực hiện yêu cầu bài tập 06 của buổi 05 trong khóa \'Git và quy trình làm việc nhóm\'.',585),(5847,'Bài tập 07: Viết test cho tình huống biên','Thực hiện yêu cầu bài tập 07 của buổi 05 trong khóa \'Git và quy trình làm việc nhóm\'.',585),(5848,'Bài tập 08: Đọc log và tìm nguyên nhân lỗi','Thực hiện yêu cầu bài tập 08 của buổi 05 trong khóa \'Git và quy trình làm việc nhóm\'.',585),(5849,'Bài tập 09: Hoàn thiện mini task theo yêu cầu','Thực hiện yêu cầu bài tập 09 của buổi 05 trong khóa \'Git và quy trình làm việc nhóm\'.',585),(5850,'Bài tập 10: Tự đánh giá và đề xuất cải tiến','Thực hiện yêu cầu bài tập 10 của buổi 05 trong khóa \'Git và quy trình làm việc nhóm\'.',585),(5851,'Bài tập 01: Trả lời câu hỏi ôn tập','Thực hiện yêu cầu bài tập 01 của buổi 06 trong khóa \'Git và quy trình làm việc nhóm\'.',586),(5852,'Bài tập 02: Sửa lỗi đoạn mã mẫu','Thực hiện yêu cầu bài tập 02 của buổi 06 trong khóa \'Git và quy trình làm việc nhóm\'.',586),(5853,'Bài tập 03: Viết hàm xử lý dữ liệu','Thực hiện yêu cầu bài tập 03 của buổi 06 trong khóa \'Git và quy trình làm việc nhóm\'.',586),(5854,'Bài tập 04: Thiết kế cấu trúc dữ liệu phù hợp','Thực hiện yêu cầu bài tập 04 của buổi 06 trong khóa \'Git và quy trình làm việc nhóm\'.',586),(5855,'Bài tập 05: Phân tích và tối ưu truy vấn','Thực hiện yêu cầu bài tập 05 của buổi 06 trong khóa \'Git và quy trình làm việc nhóm\'.',586),(5856,'Bài tập 06: Xây dựng API cho chức năng chính','Thực hiện yêu cầu bài tập 06 của buổi 06 trong khóa \'Git và quy trình làm việc nhóm\'.',586),(5857,'Bài tập 07: Viết test cho tình huống biên','Thực hiện yêu cầu bài tập 07 của buổi 06 trong khóa \'Git và quy trình làm việc nhóm\'.',586),(5858,'Bài tập 08: Đọc log và tìm nguyên nhân lỗi','Thực hiện yêu cầu bài tập 08 của buổi 06 trong khóa \'Git và quy trình làm việc nhóm\'.',586),(5859,'Bài tập 09: Hoàn thiện mini task theo yêu cầu','Thực hiện yêu cầu bài tập 09 của buổi 06 trong khóa \'Git và quy trình làm việc nhóm\'.',586),(5860,'Bài tập 10: Tự đánh giá và đề xuất cải tiến','Thực hiện yêu cầu bài tập 10 của buổi 06 trong khóa \'Git và quy trình làm việc nhóm\'.',586),(5861,'Bài tập 01: Trả lời câu hỏi ôn tập','Thực hiện yêu cầu bài tập 01 của buổi 07 trong khóa \'Git và quy trình làm việc nhóm\'.',587),(5862,'Bài tập 02: Sửa lỗi đoạn mã mẫu','Thực hiện yêu cầu bài tập 02 của buổi 07 trong khóa \'Git và quy trình làm việc nhóm\'.',587),(5863,'Bài tập 03: Viết hàm xử lý dữ liệu','Thực hiện yêu cầu bài tập 03 của buổi 07 trong khóa \'Git và quy trình làm việc nhóm\'.',587),(5864,'Bài tập 04: Thiết kế cấu trúc dữ liệu phù hợp','Thực hiện yêu cầu bài tập 04 của buổi 07 trong khóa \'Git và quy trình làm việc nhóm\'.',587),(5865,'Bài tập 05: Phân tích và tối ưu truy vấn','Thực hiện yêu cầu bài tập 05 của buổi 07 trong khóa \'Git và quy trình làm việc nhóm\'.',587),(5866,'Bài tập 06: Xây dựng API cho chức năng chính','Thực hiện yêu cầu bài tập 06 của buổi 07 trong khóa \'Git và quy trình làm việc nhóm\'.',587),(5867,'Bài tập 07: Viết test cho tình huống biên','Thực hiện yêu cầu bài tập 07 của buổi 07 trong khóa \'Git và quy trình làm việc nhóm\'.',587),(5868,'Bài tập 08: Đọc log và tìm nguyên nhân lỗi','Thực hiện yêu cầu bài tập 08 của buổi 07 trong khóa \'Git và quy trình làm việc nhóm\'.',587),(5869,'Bài tập 09: Hoàn thiện mini task theo yêu cầu','Thực hiện yêu cầu bài tập 09 của buổi 07 trong khóa \'Git và quy trình làm việc nhóm\'.',587),(5870,'Bài tập 10: Tự đánh giá và đề xuất cải tiến','Thực hiện yêu cầu bài tập 10 của buổi 07 trong khóa \'Git và quy trình làm việc nhóm\'.',587),(5871,'Bài tập 01: Trả lời câu hỏi ôn tập','Thực hiện yêu cầu bài tập 01 của buổi 08 trong khóa \'Git và quy trình làm việc nhóm\'.',588),(5872,'Bài tập 02: Sửa lỗi đoạn mã mẫu','Thực hiện yêu cầu bài tập 02 của buổi 08 trong khóa \'Git và quy trình làm việc nhóm\'.',588),(5873,'Bài tập 03: Viết hàm xử lý dữ liệu','Thực hiện yêu cầu bài tập 03 của buổi 08 trong khóa \'Git và quy trình làm việc nhóm\'.',588),(5874,'Bài tập 04: Thiết kế cấu trúc dữ liệu phù hợp','Thực hiện yêu cầu bài tập 04 của buổi 08 trong khóa \'Git và quy trình làm việc nhóm\'.',588),(5875,'Bài tập 05: Phân tích và tối ưu truy vấn','Thực hiện yêu cầu bài tập 05 của buổi 08 trong khóa \'Git và quy trình làm việc nhóm\'.',588),(5876,'Bài tập 06: Xây dựng API cho chức năng chính','Thực hiện yêu cầu bài tập 06 của buổi 08 trong khóa \'Git và quy trình làm việc nhóm\'.',588),(5877,'Bài tập 07: Viết test cho tình huống biên','Thực hiện yêu cầu bài tập 07 của buổi 08 trong khóa \'Git và quy trình làm việc nhóm\'.',588),(5878,'Bài tập 08: Đọc log và tìm nguyên nhân lỗi','Thực hiện yêu cầu bài tập 08 của buổi 08 trong khóa \'Git và quy trình làm việc nhóm\'.',588),(5879,'Bài tập 09: Hoàn thiện mini task theo yêu cầu','Thực hiện yêu cầu bài tập 09 của buổi 08 trong khóa \'Git và quy trình làm việc nhóm\'.',588),(5880,'Bài tập 10: Tự đánh giá và đề xuất cải tiến','Thực hiện yêu cầu bài tập 10 của buổi 08 trong khóa \'Git và quy trình làm việc nhóm\'.',588),(5881,'Bài tập 01: Trả lời câu hỏi ôn tập','Thực hiện yêu cầu bài tập 01 của buổi 09 trong khóa \'Git và quy trình làm việc nhóm\'.',589),(5882,'Bài tập 02: Sửa lỗi đoạn mã mẫu','Thực hiện yêu cầu bài tập 02 của buổi 09 trong khóa \'Git và quy trình làm việc nhóm\'.',589),(5883,'Bài tập 03: Viết hàm xử lý dữ liệu','Thực hiện yêu cầu bài tập 03 của buổi 09 trong khóa \'Git và quy trình làm việc nhóm\'.',589),(5884,'Bài tập 04: Thiết kế cấu trúc dữ liệu phù hợp','Thực hiện yêu cầu bài tập 04 của buổi 09 trong khóa \'Git và quy trình làm việc nhóm\'.',589),(5885,'Bài tập 05: Phân tích và tối ưu truy vấn','Thực hiện yêu cầu bài tập 05 của buổi 09 trong khóa \'Git và quy trình làm việc nhóm\'.',589),(5886,'Bài tập 06: Xây dựng API cho chức năng chính','Thực hiện yêu cầu bài tập 06 của buổi 09 trong khóa \'Git và quy trình làm việc nhóm\'.',589),(5887,'Bài tập 07: Viết test cho tình huống biên','Thực hiện yêu cầu bài tập 07 của buổi 09 trong khóa \'Git và quy trình làm việc nhóm\'.',589),(5888,'Bài tập 08: Đọc log và tìm nguyên nhân lỗi','Thực hiện yêu cầu bài tập 08 của buổi 09 trong khóa \'Git và quy trình làm việc nhóm\'.',589),(5889,'Bài tập 09: Hoàn thiện mini task theo yêu cầu','Thực hiện yêu cầu bài tập 09 của buổi 09 trong khóa \'Git và quy trình làm việc nhóm\'.',589),(5890,'Bài tập 10: Tự đánh giá và đề xuất cải tiến','Thực hiện yêu cầu bài tập 10 của buổi 09 trong khóa \'Git và quy trình làm việc nhóm\'.',589),(5891,'Bài tập 01: Trả lời câu hỏi ôn tập','Thực hiện yêu cầu bài tập 01 của buổi 10 trong khóa \'Git và quy trình làm việc nhóm\'.',590),(5892,'Bài tập 02: Sửa lỗi đoạn mã mẫu','Thực hiện yêu cầu bài tập 02 của buổi 10 trong khóa \'Git và quy trình làm việc nhóm\'.',590),(5893,'Bài tập 03: Viết hàm xử lý dữ liệu','Thực hiện yêu cầu bài tập 03 của buổi 10 trong khóa \'Git và quy trình làm việc nhóm\'.',590),(5894,'Bài tập 04: Thiết kế cấu trúc dữ liệu phù hợp','Thực hiện yêu cầu bài tập 04 của buổi 10 trong khóa \'Git và quy trình làm việc nhóm\'.',590),(5895,'Bài tập 05: Phân tích và tối ưu truy vấn','Thực hiện yêu cầu bài tập 05 của buổi 10 trong khóa \'Git và quy trình làm việc nhóm\'.',590),(5896,'Bài tập 06: Xây dựng API cho chức năng chính','Thực hiện yêu cầu bài tập 06 của buổi 10 trong khóa \'Git và quy trình làm việc nhóm\'.',590),(5897,'Bài tập 07: Viết test cho tình huống biên','Thực hiện yêu cầu bài tập 07 của buổi 10 trong khóa \'Git và quy trình làm việc nhóm\'.',590),(5898,'Bài tập 08: Đọc log và tìm nguyên nhân lỗi','Thực hiện yêu cầu bài tập 08 của buổi 10 trong khóa \'Git và quy trình làm việc nhóm\'.',590),(5899,'Bài tập 09: Hoàn thiện mini task theo yêu cầu','Thực hiện yêu cầu bài tập 09 của buổi 10 trong khóa \'Git và quy trình làm việc nhóm\'.',590),(5900,'Bài tập 10: Tự đánh giá và đề xuất cải tiến','Thực hiện yêu cầu bài tập 10 của buổi 10 trong khóa \'Git và quy trình làm việc nhóm\'.',590),(5901,'Bài tập 01: Trả lời câu hỏi ôn tập','Thực hiện yêu cầu bài tập 01 của buổi 01 trong khóa \'Triển khai ứng dụng với Docker\'.',591),(5902,'Bài tập 02: Sửa lỗi đoạn mã mẫu','Thực hiện yêu cầu bài tập 02 của buổi 01 trong khóa \'Triển khai ứng dụng với Docker\'.',591),(5903,'Bài tập 03: Viết hàm xử lý dữ liệu','Thực hiện yêu cầu bài tập 03 của buổi 01 trong khóa \'Triển khai ứng dụng với Docker\'.',591),(5904,'Bài tập 04: Thiết kế cấu trúc dữ liệu phù hợp','Thực hiện yêu cầu bài tập 04 của buổi 01 trong khóa \'Triển khai ứng dụng với Docker\'.',591),(5905,'Bài tập 05: Phân tích và tối ưu truy vấn','Thực hiện yêu cầu bài tập 05 của buổi 01 trong khóa \'Triển khai ứng dụng với Docker\'.',591),(5906,'Bài tập 06: Xây dựng API cho chức năng chính','Thực hiện yêu cầu bài tập 06 của buổi 01 trong khóa \'Triển khai ứng dụng với Docker\'.',591),(5907,'Bài tập 07: Viết test cho tình huống biên','Thực hiện yêu cầu bài tập 07 của buổi 01 trong khóa \'Triển khai ứng dụng với Docker\'.',591),(5908,'Bài tập 08: Đọc log và tìm nguyên nhân lỗi','Thực hiện yêu cầu bài tập 08 của buổi 01 trong khóa \'Triển khai ứng dụng với Docker\'.',591),(5909,'Bài tập 09: Hoàn thiện mini task theo yêu cầu','Thực hiện yêu cầu bài tập 09 của buổi 01 trong khóa \'Triển khai ứng dụng với Docker\'.',591),(5910,'Bài tập 10: Tự đánh giá và đề xuất cải tiến','Thực hiện yêu cầu bài tập 10 của buổi 01 trong khóa \'Triển khai ứng dụng với Docker\'.',591),(5911,'Bài tập 01: Trả lời câu hỏi ôn tập','Thực hiện yêu cầu bài tập 01 của buổi 02 trong khóa \'Triển khai ứng dụng với Docker\'.',592),(5912,'Bài tập 02: Sửa lỗi đoạn mã mẫu','Thực hiện yêu cầu bài tập 02 của buổi 02 trong khóa \'Triển khai ứng dụng với Docker\'.',592),(5913,'Bài tập 03: Viết hàm xử lý dữ liệu','Thực hiện yêu cầu bài tập 03 của buổi 02 trong khóa \'Triển khai ứng dụng với Docker\'.',592),(5914,'Bài tập 04: Thiết kế cấu trúc dữ liệu phù hợp','Thực hiện yêu cầu bài tập 04 của buổi 02 trong khóa \'Triển khai ứng dụng với Docker\'.',592),(5915,'Bài tập 05: Phân tích và tối ưu truy vấn','Thực hiện yêu cầu bài tập 05 của buổi 02 trong khóa \'Triển khai ứng dụng với Docker\'.',592),(5916,'Bài tập 06: Xây dựng API cho chức năng chính','Thực hiện yêu cầu bài tập 06 của buổi 02 trong khóa \'Triển khai ứng dụng với Docker\'.',592),(5917,'Bài tập 07: Viết test cho tình huống biên','Thực hiện yêu cầu bài tập 07 của buổi 02 trong khóa \'Triển khai ứng dụng với Docker\'.',592),(5918,'Bài tập 08: Đọc log và tìm nguyên nhân lỗi','Thực hiện yêu cầu bài tập 08 của buổi 02 trong khóa \'Triển khai ứng dụng với Docker\'.',592),(5919,'Bài tập 09: Hoàn thiện mini task theo yêu cầu','Thực hiện yêu cầu bài tập 09 của buổi 02 trong khóa \'Triển khai ứng dụng với Docker\'.',592),(5920,'Bài tập 10: Tự đánh giá và đề xuất cải tiến','Thực hiện yêu cầu bài tập 10 của buổi 02 trong khóa \'Triển khai ứng dụng với Docker\'.',592),(5921,'Bài tập 01: Trả lời câu hỏi ôn tập','Thực hiện yêu cầu bài tập 01 của buổi 03 trong khóa \'Triển khai ứng dụng với Docker\'.',593),(5922,'Bài tập 02: Sửa lỗi đoạn mã mẫu','Thực hiện yêu cầu bài tập 02 của buổi 03 trong khóa \'Triển khai ứng dụng với Docker\'.',593),(5923,'Bài tập 03: Viết hàm xử lý dữ liệu','Thực hiện yêu cầu bài tập 03 của buổi 03 trong khóa \'Triển khai ứng dụng với Docker\'.',593),(5924,'Bài tập 04: Thiết kế cấu trúc dữ liệu phù hợp','Thực hiện yêu cầu bài tập 04 của buổi 03 trong khóa \'Triển khai ứng dụng với Docker\'.',593),(5925,'Bài tập 05: Phân tích và tối ưu truy vấn','Thực hiện yêu cầu bài tập 05 của buổi 03 trong khóa \'Triển khai ứng dụng với Docker\'.',593),(5926,'Bài tập 06: Xây dựng API cho chức năng chính','Thực hiện yêu cầu bài tập 06 của buổi 03 trong khóa \'Triển khai ứng dụng với Docker\'.',593),(5927,'Bài tập 07: Viết test cho tình huống biên','Thực hiện yêu cầu bài tập 07 của buổi 03 trong khóa \'Triển khai ứng dụng với Docker\'.',593),(5928,'Bài tập 08: Đọc log và tìm nguyên nhân lỗi','Thực hiện yêu cầu bài tập 08 của buổi 03 trong khóa \'Triển khai ứng dụng với Docker\'.',593),(5929,'Bài tập 09: Hoàn thiện mini task theo yêu cầu','Thực hiện yêu cầu bài tập 09 của buổi 03 trong khóa \'Triển khai ứng dụng với Docker\'.',593),(5930,'Bài tập 10: Tự đánh giá và đề xuất cải tiến','Thực hiện yêu cầu bài tập 10 của buổi 03 trong khóa \'Triển khai ứng dụng với Docker\'.',593),(5931,'Bài tập 01: Trả lời câu hỏi ôn tập','Thực hiện yêu cầu bài tập 01 của buổi 04 trong khóa \'Triển khai ứng dụng với Docker\'.',594),(5932,'Bài tập 02: Sửa lỗi đoạn mã mẫu','Thực hiện yêu cầu bài tập 02 của buổi 04 trong khóa \'Triển khai ứng dụng với Docker\'.',594),(5933,'Bài tập 03: Viết hàm xử lý dữ liệu','Thực hiện yêu cầu bài tập 03 của buổi 04 trong khóa \'Triển khai ứng dụng với Docker\'.',594),(5934,'Bài tập 04: Thiết kế cấu trúc dữ liệu phù hợp','Thực hiện yêu cầu bài tập 04 của buổi 04 trong khóa \'Triển khai ứng dụng với Docker\'.',594),(5935,'Bài tập 05: Phân tích và tối ưu truy vấn','Thực hiện yêu cầu bài tập 05 của buổi 04 trong khóa \'Triển khai ứng dụng với Docker\'.',594),(5936,'Bài tập 06: Xây dựng API cho chức năng chính','Thực hiện yêu cầu bài tập 06 của buổi 04 trong khóa \'Triển khai ứng dụng với Docker\'.',594),(5937,'Bài tập 07: Viết test cho tình huống biên','Thực hiện yêu cầu bài tập 07 của buổi 04 trong khóa \'Triển khai ứng dụng với Docker\'.',594),(5938,'Bài tập 08: Đọc log và tìm nguyên nhân lỗi','Thực hiện yêu cầu bài tập 08 của buổi 04 trong khóa \'Triển khai ứng dụng với Docker\'.',594),(5939,'Bài tập 09: Hoàn thiện mini task theo yêu cầu','Thực hiện yêu cầu bài tập 09 của buổi 04 trong khóa \'Triển khai ứng dụng với Docker\'.',594),(5940,'Bài tập 10: Tự đánh giá và đề xuất cải tiến','Thực hiện yêu cầu bài tập 10 của buổi 04 trong khóa \'Triển khai ứng dụng với Docker\'.',594),(5941,'Bài tập 01: Trả lời câu hỏi ôn tập','Thực hiện yêu cầu bài tập 01 của buổi 05 trong khóa \'Triển khai ứng dụng với Docker\'.',595),(5942,'Bài tập 02: Sửa lỗi đoạn mã mẫu','Thực hiện yêu cầu bài tập 02 của buổi 05 trong khóa \'Triển khai ứng dụng với Docker\'.',595),(5943,'Bài tập 03: Viết hàm xử lý dữ liệu','Thực hiện yêu cầu bài tập 03 của buổi 05 trong khóa \'Triển khai ứng dụng với Docker\'.',595),(5944,'Bài tập 04: Thiết kế cấu trúc dữ liệu phù hợp','Thực hiện yêu cầu bài tập 04 của buổi 05 trong khóa \'Triển khai ứng dụng với Docker\'.',595),(5945,'Bài tập 05: Phân tích và tối ưu truy vấn','Thực hiện yêu cầu bài tập 05 của buổi 05 trong khóa \'Triển khai ứng dụng với Docker\'.',595),(5946,'Bài tập 06: Xây dựng API cho chức năng chính','Thực hiện yêu cầu bài tập 06 của buổi 05 trong khóa \'Triển khai ứng dụng với Docker\'.',595),(5947,'Bài tập 07: Viết test cho tình huống biên','Thực hiện yêu cầu bài tập 07 của buổi 05 trong khóa \'Triển khai ứng dụng với Docker\'.',595),(5948,'Bài tập 08: Đọc log và tìm nguyên nhân lỗi','Thực hiện yêu cầu bài tập 08 của buổi 05 trong khóa \'Triển khai ứng dụng với Docker\'.',595),(5949,'Bài tập 09: Hoàn thiện mini task theo yêu cầu','Thực hiện yêu cầu bài tập 09 của buổi 05 trong khóa \'Triển khai ứng dụng với Docker\'.',595),(5950,'Bài tập 10: Tự đánh giá và đề xuất cải tiến','Thực hiện yêu cầu bài tập 10 của buổi 05 trong khóa \'Triển khai ứng dụng với Docker\'.',595),(5951,'Bài tập 01: Trả lời câu hỏi ôn tập','Thực hiện yêu cầu bài tập 01 của buổi 06 trong khóa \'Triển khai ứng dụng với Docker\'.',596),(5952,'Bài tập 02: Sửa lỗi đoạn mã mẫu','Thực hiện yêu cầu bài tập 02 của buổi 06 trong khóa \'Triển khai ứng dụng với Docker\'.',596),(5953,'Bài tập 03: Viết hàm xử lý dữ liệu','Thực hiện yêu cầu bài tập 03 của buổi 06 trong khóa \'Triển khai ứng dụng với Docker\'.',596),(5954,'Bài tập 04: Thiết kế cấu trúc dữ liệu phù hợp','Thực hiện yêu cầu bài tập 04 của buổi 06 trong khóa \'Triển khai ứng dụng với Docker\'.',596),(5955,'Bài tập 05: Phân tích và tối ưu truy vấn','Thực hiện yêu cầu bài tập 05 của buổi 06 trong khóa \'Triển khai ứng dụng với Docker\'.',596),(5956,'Bài tập 06: Xây dựng API cho chức năng chính','Thực hiện yêu cầu bài tập 06 của buổi 06 trong khóa \'Triển khai ứng dụng với Docker\'.',596),(5957,'Bài tập 07: Viết test cho tình huống biên','Thực hiện yêu cầu bài tập 07 của buổi 06 trong khóa \'Triển khai ứng dụng với Docker\'.',596),(5958,'Bài tập 08: Đọc log và tìm nguyên nhân lỗi','Thực hiện yêu cầu bài tập 08 của buổi 06 trong khóa \'Triển khai ứng dụng với Docker\'.',596),(5959,'Bài tập 09: Hoàn thiện mini task theo yêu cầu','Thực hiện yêu cầu bài tập 09 của buổi 06 trong khóa \'Triển khai ứng dụng với Docker\'.',596),(5960,'Bài tập 10: Tự đánh giá và đề xuất cải tiến','Thực hiện yêu cầu bài tập 10 của buổi 06 trong khóa \'Triển khai ứng dụng với Docker\'.',596),(5961,'Bài tập 01: Trả lời câu hỏi ôn tập','Thực hiện yêu cầu bài tập 01 của buổi 07 trong khóa \'Triển khai ứng dụng với Docker\'.',597),(5962,'Bài tập 02: Sửa lỗi đoạn mã mẫu','Thực hiện yêu cầu bài tập 02 của buổi 07 trong khóa \'Triển khai ứng dụng với Docker\'.',597),(5963,'Bài tập 03: Viết hàm xử lý dữ liệu','Thực hiện yêu cầu bài tập 03 của buổi 07 trong khóa \'Triển khai ứng dụng với Docker\'.',597),(5964,'Bài tập 04: Thiết kế cấu trúc dữ liệu phù hợp','Thực hiện yêu cầu bài tập 04 của buổi 07 trong khóa \'Triển khai ứng dụng với Docker\'.',597),(5965,'Bài tập 05: Phân tích và tối ưu truy vấn','Thực hiện yêu cầu bài tập 05 của buổi 07 trong khóa \'Triển khai ứng dụng với Docker\'.',597),(5966,'Bài tập 06: Xây dựng API cho chức năng chính','Thực hiện yêu cầu bài tập 06 của buổi 07 trong khóa \'Triển khai ứng dụng với Docker\'.',597),(5967,'Bài tập 07: Viết test cho tình huống biên','Thực hiện yêu cầu bài tập 07 của buổi 07 trong khóa \'Triển khai ứng dụng với Docker\'.',597),(5968,'Bài tập 08: Đọc log và tìm nguyên nhân lỗi','Thực hiện yêu cầu bài tập 08 của buổi 07 trong khóa \'Triển khai ứng dụng với Docker\'.',597),(5969,'Bài tập 09: Hoàn thiện mini task theo yêu cầu','Thực hiện yêu cầu bài tập 09 của buổi 07 trong khóa \'Triển khai ứng dụng với Docker\'.',597),(5970,'Bài tập 10: Tự đánh giá và đề xuất cải tiến','Thực hiện yêu cầu bài tập 10 của buổi 07 trong khóa \'Triển khai ứng dụng với Docker\'.',597),(5971,'Bài tập 01: Trả lời câu hỏi ôn tập','Thực hiện yêu cầu bài tập 01 của buổi 08 trong khóa \'Triển khai ứng dụng với Docker\'.',598),(5972,'Bài tập 02: Sửa lỗi đoạn mã mẫu','Thực hiện yêu cầu bài tập 02 của buổi 08 trong khóa \'Triển khai ứng dụng với Docker\'.',598),(5973,'Bài tập 03: Viết hàm xử lý dữ liệu','Thực hiện yêu cầu bài tập 03 của buổi 08 trong khóa \'Triển khai ứng dụng với Docker\'.',598),(5974,'Bài tập 04: Thiết kế cấu trúc dữ liệu phù hợp','Thực hiện yêu cầu bài tập 04 của buổi 08 trong khóa \'Triển khai ứng dụng với Docker\'.',598),(5975,'Bài tập 05: Phân tích và tối ưu truy vấn','Thực hiện yêu cầu bài tập 05 của buổi 08 trong khóa \'Triển khai ứng dụng với Docker\'.',598),(5976,'Bài tập 06: Xây dựng API cho chức năng chính','Thực hiện yêu cầu bài tập 06 của buổi 08 trong khóa \'Triển khai ứng dụng với Docker\'.',598),(5977,'Bài tập 07: Viết test cho tình huống biên','Thực hiện yêu cầu bài tập 07 của buổi 08 trong khóa \'Triển khai ứng dụng với Docker\'.',598),(5978,'Bài tập 08: Đọc log và tìm nguyên nhân lỗi','Thực hiện yêu cầu bài tập 08 của buổi 08 trong khóa \'Triển khai ứng dụng với Docker\'.',598),(5979,'Bài tập 09: Hoàn thiện mini task theo yêu cầu','Thực hiện yêu cầu bài tập 09 của buổi 08 trong khóa \'Triển khai ứng dụng với Docker\'.',598),(5980,'Bài tập 10: Tự đánh giá và đề xuất cải tiến','Thực hiện yêu cầu bài tập 10 của buổi 08 trong khóa \'Triển khai ứng dụng với Docker\'.',598),(5981,'Bài tập 01: Trả lời câu hỏi ôn tập','Thực hiện yêu cầu bài tập 01 của buổi 09 trong khóa \'Triển khai ứng dụng với Docker\'.',599),(5982,'Bài tập 02: Sửa lỗi đoạn mã mẫu','Thực hiện yêu cầu bài tập 02 của buổi 09 trong khóa \'Triển khai ứng dụng với Docker\'.',599),(5983,'Bài tập 03: Viết hàm xử lý dữ liệu','Thực hiện yêu cầu bài tập 03 của buổi 09 trong khóa \'Triển khai ứng dụng với Docker\'.',599),(5984,'Bài tập 04: Thiết kế cấu trúc dữ liệu phù hợp','Thực hiện yêu cầu bài tập 04 của buổi 09 trong khóa \'Triển khai ứng dụng với Docker\'.',599),(5985,'Bài tập 05: Phân tích và tối ưu truy vấn','Thực hiện yêu cầu bài tập 05 của buổi 09 trong khóa \'Triển khai ứng dụng với Docker\'.',599),(5986,'Bài tập 06: Xây dựng API cho chức năng chính','Thực hiện yêu cầu bài tập 06 của buổi 09 trong khóa \'Triển khai ứng dụng với Docker\'.',599),(5987,'Bài tập 07: Viết test cho tình huống biên','Thực hiện yêu cầu bài tập 07 của buổi 09 trong khóa \'Triển khai ứng dụng với Docker\'.',599),(5988,'Bài tập 08: Đọc log và tìm nguyên nhân lỗi','Thực hiện yêu cầu bài tập 08 của buổi 09 trong khóa \'Triển khai ứng dụng với Docker\'.',599),(5989,'Bài tập 09: Hoàn thiện mini task theo yêu cầu','Thực hiện yêu cầu bài tập 09 của buổi 09 trong khóa \'Triển khai ứng dụng với Docker\'.',599),(5990,'Bài tập 10: Tự đánh giá và đề xuất cải tiến','Thực hiện yêu cầu bài tập 10 của buổi 09 trong khóa \'Triển khai ứng dụng với Docker\'.',599),(5991,'Bài tập 01: Trả lời câu hỏi ôn tập','Thực hiện yêu cầu bài tập 01 của buổi 10 trong khóa \'Triển khai ứng dụng với Docker\'.',600),(5992,'Bài tập 02: Sửa lỗi đoạn mã mẫu','Thực hiện yêu cầu bài tập 02 của buổi 10 trong khóa \'Triển khai ứng dụng với Docker\'.',600),(5993,'Bài tập 03: Viết hàm xử lý dữ liệu','Thực hiện yêu cầu bài tập 03 của buổi 10 trong khóa \'Triển khai ứng dụng với Docker\'.',600),(5994,'Bài tập 04: Thiết kế cấu trúc dữ liệu phù hợp','Thực hiện yêu cầu bài tập 04 của buổi 10 trong khóa \'Triển khai ứng dụng với Docker\'.',600),(5995,'Bài tập 05: Phân tích và tối ưu truy vấn','Thực hiện yêu cầu bài tập 05 của buổi 10 trong khóa \'Triển khai ứng dụng với Docker\'.',600),(5996,'Bài tập 06: Xây dựng API cho chức năng chính','Thực hiện yêu cầu bài tập 06 của buổi 10 trong khóa \'Triển khai ứng dụng với Docker\'.',600),(5997,'Bài tập 07: Viết test cho tình huống biên','Thực hiện yêu cầu bài tập 07 của buổi 10 trong khóa \'Triển khai ứng dụng với Docker\'.',600),(5998,'Bài tập 08: Đọc log và tìm nguyên nhân lỗi','Thực hiện yêu cầu bài tập 08 của buổi 10 trong khóa \'Triển khai ứng dụng với Docker\'.',600),(5999,'Bài tập 09: Hoàn thiện mini task theo yêu cầu','Thực hiện yêu cầu bài tập 09 của buổi 10 trong khóa \'Triển khai ứng dụng với Docker\'.',600),(6000,'Bài tập 10: Tự đánh giá và đề xuất cải tiến','Thực hiện yêu cầu bài tập 10 của buổi 10 trong khóa \'Triển khai ứng dụng với Docker\'.',600);
/*!40000 ALTER TABLE `elearning_assignment` ENABLE KEYS */;
UNLOCK TABLES;

--
-- Table structure for table `elearning_certificate`
--

DROP TABLE IF EXISTS `elearning_certificate`;
/*!40101 SET @saved_cs_client     = @@character_set_client */;
/*!50503 SET character_set_client = utf8mb4 */;
CREATE TABLE `elearning_certificate` (
  `id` bigint NOT NULL AUTO_INCREMENT,
  `issued_at` datetime(6) NOT NULL,
  `enrollment_id` bigint NOT NULL,
  PRIMARY KEY (`id`),
  UNIQUE KEY `enrollment_id` (`enrollment_id`),
  CONSTRAINT `elearning_certificat_enrollment_id_3f89018c_fk_elearning` FOREIGN KEY (`enrollment_id`) REFERENCES `elearning_enrollment` (`id`)
) ENGINE=InnoDB AUTO_INCREMENT=16 DEFAULT CHARSET=utf8mb4 COLLATE=utf8mb4_0900_ai_ci;
/*!40101 SET character_set_client = @saved_cs_client */;

--
-- Dumping data for table `elearning_certificate`
--

LOCK TABLES `elearning_certificate` WRITE;
/*!40000 ALTER TABLE `elearning_certificate` DISABLE KEYS */;
INSERT INTO `elearning_certificate` VALUES (13,'2026-03-23 12:16:12.436808',42),(14,'2026-03-23 12:16:12.441805',43),(15,'2026-03-23 12:16:12.450236',44);
/*!40000 ALTER TABLE `elearning_certificate` ENABLE KEYS */;
UNLOCK TABLES;

--
-- Table structure for table `elearning_course`
--

DROP TABLE IF EXISTS `elearning_course`;
/*!40101 SET @saved_cs_client     = @@character_set_client */;
/*!50503 SET character_set_client = utf8mb4 */;
CREATE TABLE `elearning_course` (
  `id` bigint NOT NULL AUTO_INCREMENT,
  `title` varchar(255) NOT NULL,
  `description` longtext NOT NULL,
  `created_at` datetime(6) NOT NULL,
  `active` tinyint(1) NOT NULL,
  `teacher_id` bigint DEFAULT NULL,
  PRIMARY KEY (`id`),
  KEY `elearning_course_teacher_id_5c0896f5_fk_elearning_user_id` (`teacher_id`),
  CONSTRAINT `elearning_course_teacher_id_5c0896f5_fk_elearning_user_id` FOREIGN KEY (`teacher_id`) REFERENCES `elearning_user` (`id`)
) ENGINE=InnoDB AUTO_INCREMENT=61 DEFAULT CHARSET=utf8mb4 COLLATE=utf8mb4_0900_ai_ci;
/*!40101 SET character_set_client = @saved_cs_client */;

--
-- Dumping data for table `elearning_course`
--

LOCK TABLES `elearning_course` WRITE;
/*!40000 ALTER TABLE `elearning_course` DISABLE KEYS */;
INSERT INTO `elearning_course` VALUES (51,'Python cơ bản cho người mới bắt đầu','Nắm chắc cú pháp Python, kiểu dữ liệu và cách viết chương trình sạch, dễ bảo trì.','2026-03-23 12:16:12.233959',1,57),(52,'Thiết kế cơ sở dữ liệu với MySQL','Học chuẩn hóa dữ liệu, tối ưu truy vấn SQL và xây dựng schema phù hợp hệ thống thực tế.','2026-03-23 12:16:12.258299',1,58),(53,'Xây dựng Django REST API từ A đến Z','Triển khai API hoàn chỉnh với xác thực, phân quyền, phân trang và tài liệu hóa endpoint.','2026-03-23 12:16:12.277074',1,59),(54,'Kiểm thử phần mềm thực chiến','Thực hành unit test, integration test và chiến lược đảm bảo chất lượng cho backend.','2026-03-23 12:16:12.293769',1,60),(55,'JavaScript hiện đại cho lập trình web','Sử dụng ES6+, async/await và modular code để phát triển giao diện hiệu quả.','2026-03-23 12:16:12.310088',1,61),(56,'Phân tích dữ liệu với Pandas','Làm sạch, trực quan hóa và phân tích dữ liệu bằng Python cho các bài toán nghiệp vụ.','2026-03-23 12:16:12.328997',1,57),(57,'UI/UX căn bản cho lập trình viên','Hiểu tư duy thiết kế trải nghiệm người dùng để phối hợp tốt giữa dev và designer.','2026-03-23 12:16:12.353618',1,58),(58,'Thuật toán và cấu trúc dữ liệu nền tảng','Rèn luyện tư duy giải quyết vấn đề với các cấu trúc dữ liệu và thuật toán phổ biến.','2026-03-23 12:16:12.370907',1,59),(59,'Git và quy trình làm việc nhóm','Làm chủ Git flow, code review và xử lý xung đột khi phát triển theo nhóm.','2026-03-23 12:16:12.389603',1,60),(60,'Triển khai ứng dụng với Docker','Đóng gói, cấu hình và triển khai ứng dụng nhất quán từ local lên môi trường server.','2026-03-23 12:16:12.408004',1,61);
/*!40000 ALTER TABLE `elearning_course` ENABLE KEYS */;
UNLOCK TABLES;

--
-- Table structure for table `elearning_enrollment`
--

DROP TABLE IF EXISTS `elearning_enrollment`;
/*!40101 SET @saved_cs_client     = @@character_set_client */;
/*!50503 SET character_set_client = utf8mb4 */;
CREATE TABLE `elearning_enrollment` (
  `id` bigint NOT NULL AUTO_INCREMENT,
  `enrolled_at` datetime(6) NOT NULL,
  `progress` double NOT NULL,
  `course_id` bigint NOT NULL,
  `student_id` bigint NOT NULL,
  PRIMARY KEY (`id`),
  KEY `elearning_enrollment_course_id_50b76358_fk_elearning_course_id` (`course_id`),
  KEY `elearning_enrollment_student_id_90df1b18_fk_elearning_user_id` (`student_id`),
  CONSTRAINT `elearning_enrollment_course_id_50b76358_fk_elearning_course_id` FOREIGN KEY (`course_id`) REFERENCES `elearning_course` (`id`),
  CONSTRAINT `elearning_enrollment_student_id_90df1b18_fk_elearning_user_id` FOREIGN KEY (`student_id`) REFERENCES `elearning_user` (`id`)
) ENGINE=InnoDB AUTO_INCREMENT=52 DEFAULT CHARSET=utf8mb4 COLLATE=utf8mb4_0900_ai_ci;
/*!40101 SET character_set_client = @saved_cs_client */;

--
-- Dumping data for table `elearning_enrollment`
--

LOCK TABLES `elearning_enrollment` WRITE;
/*!40000 ALTER TABLE `elearning_enrollment` DISABLE KEYS */;
INSERT INTO `elearning_enrollment` VALUES (42,'2026-03-23 12:16:12.429774',100,51,62),(43,'2026-03-23 12:16:12.437808',100,52,62),(44,'2026-03-23 12:16:12.443119',100,53,62),(45,'2026-03-23 12:16:12.450236',50,54,63),(46,'2026-03-23 12:16:12.453742',50,55,63),(47,'2026-03-23 12:16:12.457750',50,56,63),(48,'2026-03-23 12:16:12.463122',0,57,64),(49,'2026-03-23 12:16:12.464132',0,58,64),(50,'2026-03-23 12:16:12.466184',20,59,65),(51,'2026-03-23 12:16:12.468138',20,60,65);
/*!40000 ALTER TABLE `elearning_enrollment` ENABLE KEYS */;
UNLOCK TABLES;

--
-- Table structure for table `elearning_lesson`
--

DROP TABLE IF EXISTS `elearning_lesson`;
/*!40101 SET @saved_cs_client     = @@character_set_client */;
/*!50503 SET character_set_client = utf8mb4 */;
CREATE TABLE `elearning_lesson` (
  `id` bigint NOT NULL AUTO_INCREMENT,
  `title` varchar(255) NOT NULL,
  `content` longtext NOT NULL,
  `created_at` datetime(6) NOT NULL,
  `video_url` varchar(200) DEFAULT NULL,
  `course_id` bigint NOT NULL,
  PRIMARY KEY (`id`),
  KEY `elearning_lesson_course_id_11a5fcb6_fk_elearning_course_id` (`course_id`),
  CONSTRAINT `elearning_lesson_course_id_11a5fcb6_fk_elearning_course_id` FOREIGN KEY (`course_id`) REFERENCES `elearning_course` (`id`)
) ENGINE=InnoDB AUTO_INCREMENT=601 DEFAULT CHARSET=utf8mb4 COLLATE=utf8mb4_0900_ai_ci;
/*!40101 SET character_set_client = @saved_cs_client */;

--
-- Dumping data for table `elearning_lesson`
--

LOCK TABLES `elearning_lesson` WRITE;
/*!40000 ALTER TABLE `elearning_lesson` DISABLE KEYS */;
INSERT INTO `elearning_lesson` VALUES (501,'Buổi 01: Giới thiệu khóa học và lộ trình','Nội dung buổi 01 của khóa \'Python cơ bản cho người mới bắt đầu\'. Học viên cần đọc tài liệu và hoàn thành bài tập đi kèm.','2026-03-23 12:16:12.235313','https://example.com/videos/c01_l01',51),(502,'Buổi 02: Ôn lại kiến thức nền tảng','Nội dung buổi 02 của khóa \'Python cơ bản cho người mới bắt đầu\'. Học viên cần đọc tài liệu và hoàn thành bài tập đi kèm.','2026-03-23 12:16:12.238706','https://example.com/videos/c01_l02',51),(503,'Buổi 03: Thiết lập môi trường làm việc','Nội dung buổi 03 của khóa \'Python cơ bản cho người mới bắt đầu\'. Học viên cần đọc tài liệu và hoàn thành bài tập đi kèm.','2026-03-23 12:16:12.239716','https://example.com/videos/c01_l03',51),(504,'Buổi 04: Thực hành với ví dụ cơ bản','Nội dung buổi 04 của khóa \'Python cơ bản cho người mới bắt đầu\'. Học viên cần đọc tài liệu và hoàn thành bài tập đi kèm.','2026-03-23 12:16:12.241823','https://example.com/videos/c01_l04',51),(505,'Buổi 05: Mô hình hóa bài toán thực tế','Nội dung buổi 05 của khóa \'Python cơ bản cho người mới bắt đầu\'. Học viên cần đọc tài liệu và hoàn thành bài tập đi kèm.','2026-03-23 12:16:12.245547','https://example.com/videos/c01_l05',51),(506,'Buổi 06: Kỹ thuật xử lý lỗi thường gặp','Nội dung buổi 06 của khóa \'Python cơ bản cho người mới bắt đầu\'. Học viên cần đọc tài liệu và hoàn thành bài tập đi kèm.','2026-03-23 12:16:12.248578','https://example.com/videos/c01_l06',51),(507,'Buổi 07: Tối ưu hiệu năng và chất lượng','Nội dung buổi 07 của khóa \'Python cơ bản cho người mới bắt đầu\'. Học viên cần đọc tài liệu và hoàn thành bài tập đi kèm.','2026-03-23 12:16:12.250581','https://example.com/videos/c01_l07',51),(508,'Buổi 08: Làm việc nhóm và quy chuẩn code','Nội dung buổi 08 của khóa \'Python cơ bản cho người mới bắt đầu\'. Học viên cần đọc tài liệu và hoàn thành bài tập đi kèm.','2026-03-23 12:16:12.251574','https://example.com/videos/c01_l08',51),(509,'Buổi 09: Mini project theo chủ đề','Nội dung buổi 09 của khóa \'Python cơ bản cho người mới bắt đầu\'. Học viên cần đọc tài liệu và hoàn thành bài tập đi kèm.','2026-03-23 12:16:12.254090','https://example.com/videos/c01_l09',51),(510,'Buổi 10: Tổng kết và định hướng nâng cao','Nội dung buổi 10 của khóa \'Python cơ bản cho người mới bắt đầu\'. Học viên cần đọc tài liệu và hoàn thành bài tập đi kèm.','2026-03-23 12:16:12.256296','https://example.com/videos/c01_l10',51),(511,'Buổi 01: Giới thiệu khóa học và lộ trình','Nội dung buổi 01 của khóa \'Thiết kế cơ sở dữ liệu với MySQL\'. Học viên cần đọc tài liệu và hoàn thành bài tập đi kèm.','2026-03-23 12:16:12.258299','https://example.com/videos/c02_l01',52),(512,'Buổi 02: Ôn lại kiến thức nền tảng','Nội dung buổi 02 của khóa \'Thiết kế cơ sở dữ liệu với MySQL\'. Học viên cần đọc tài liệu và hoàn thành bài tập đi kèm.','2026-03-23 12:16:12.260301','https://example.com/videos/c02_l02',52),(513,'Buổi 03: Thiết lập môi trường làm việc','Nội dung buổi 03 của khóa \'Thiết kế cơ sở dữ liệu với MySQL\'. Học viên cần đọc tài liệu và hoàn thành bài tập đi kèm.','2026-03-23 12:16:12.261298','https://example.com/videos/c02_l03',52),(514,'Buổi 04: Thực hành với ví dụ cơ bản','Nội dung buổi 04 của khóa \'Thiết kế cơ sở dữ liệu với MySQL\'. Học viên cần đọc tài liệu và hoàn thành bài tập đi kèm.','2026-03-23 12:16:12.263297','https://example.com/videos/c02_l04',52),(515,'Buổi 05: Mô hình hóa bài toán thực tế','Nội dung buổi 05 của khóa \'Thiết kế cơ sở dữ liệu với MySQL\'. Học viên cần đọc tài liệu và hoàn thành bài tập đi kèm.','2026-03-23 12:16:12.264966','https://example.com/videos/c02_l05',52),(516,'Buổi 06: Kỹ thuật xử lý lỗi thường gặp','Nội dung buổi 06 của khóa \'Thiết kế cơ sở dữ liệu với MySQL\'. Học viên cần đọc tài liệu và hoàn thành bài tập đi kèm.','2026-03-23 12:16:12.265968','https://example.com/videos/c02_l06',52),(517,'Buổi 07: Tối ưu hiệu năng và chất lượng','Nội dung buổi 07 của khóa \'Thiết kế cơ sở dữ liệu với MySQL\'. Học viên cần đọc tài liệu và hoàn thành bài tập đi kèm.','2026-03-23 12:16:12.267968','https://example.com/videos/c02_l07',52),(518,'Buổi 08: Làm việc nhóm và quy chuẩn code','Nội dung buổi 08 của khóa \'Thiết kế cơ sở dữ liệu với MySQL\'. Học viên cần đọc tài liệu và hoàn thành bài tập đi kèm.','2026-03-23 12:16:12.269968','https://example.com/videos/c02_l08',52),(519,'Buổi 09: Mini project theo chủ đề','Nội dung buổi 09 của khóa \'Thiết kế cơ sở dữ liệu với MySQL\'. Học viên cần đọc tài liệu và hoàn thành bài tập đi kèm.','2026-03-23 12:16:12.272579','https://example.com/videos/c02_l09',52),(520,'Buổi 10: Tổng kết và định hướng nâng cao','Nội dung buổi 10 của khóa \'Thiết kế cơ sở dữ liệu với MySQL\'. Học viên cần đọc tài liệu và hoàn thành bài tập đi kèm.','2026-03-23 12:16:12.275066','https://example.com/videos/c02_l10',52),(521,'Buổi 01: Giới thiệu khóa học và lộ trình','Nội dung buổi 01 của khóa \'Xây dựng Django REST API từ A đến Z\'. Học viên cần đọc tài liệu và hoàn thành bài tập đi kèm.','2026-03-23 12:16:12.278074','https://example.com/videos/c03_l01',53),(522,'Buổi 02: Ôn lại kiến thức nền tảng','Nội dung buổi 02 của khóa \'Xây dựng Django REST API từ A đến Z\'. Học viên cần đọc tài liệu và hoàn thành bài tập đi kèm.','2026-03-23 12:16:12.279076','https://example.com/videos/c03_l02',53),(523,'Buổi 03: Thiết lập môi trường làm việc','Nội dung buổi 03 của khóa \'Xây dựng Django REST API từ A đến Z\'. Học viên cần đọc tài liệu và hoàn thành bài tập đi kèm.','2026-03-23 12:16:12.280075','https://example.com/videos/c03_l03',53),(524,'Buổi 04: Thực hành với ví dụ cơ bản','Nội dung buổi 04 của khóa \'Xây dựng Django REST API từ A đến Z\'. Học viên cần đọc tài liệu và hoàn thành bài tập đi kèm.','2026-03-23 12:16:12.281580','https://example.com/videos/c03_l04',53),(525,'Buổi 05: Mô hình hóa bài toán thực tế','Nội dung buổi 05 của khóa \'Xây dựng Django REST API từ A đến Z\'. Học viên cần đọc tài liệu và hoàn thành bài tập đi kèm.','2026-03-23 12:16:12.284045','https://example.com/videos/c03_l05',53),(526,'Buổi 06: Kỹ thuật xử lý lỗi thường gặp','Nội dung buổi 06 của khóa \'Xây dựng Django REST API từ A đến Z\'. Học viên cần đọc tài liệu và hoàn thành bài tập đi kèm.','2026-03-23 12:16:12.285260','https://example.com/videos/c03_l06',53),(527,'Buổi 07: Tối ưu hiệu năng và chất lượng','Nội dung buổi 07 của khóa \'Xây dựng Django REST API từ A đến Z\'. Học viên cần đọc tài liệu và hoàn thành bài tập đi kèm.','2026-03-23 12:16:12.287265','https://example.com/videos/c03_l07',53),(528,'Buổi 08: Làm việc nhóm và quy chuẩn code','Nội dung buổi 08 của khóa \'Xây dựng Django REST API từ A đến Z\'. Học viên cần đọc tài liệu và hoàn thành bài tập đi kèm.','2026-03-23 12:16:12.289265','https://example.com/videos/c03_l08',53),(529,'Buổi 09: Mini project theo chủ đề','Nội dung buổi 09 của khóa \'Xây dựng Django REST API từ A đến Z\'. Học viên cần đọc tài liệu và hoàn thành bài tập đi kèm.','2026-03-23 12:16:12.290265','https://example.com/videos/c03_l09',53),(530,'Buổi 10: Tổng kết và định hướng nâng cao','Nội dung buổi 10 của khóa \'Xây dựng Django REST API từ A đến Z\'. Học viên cần đọc tài liệu và hoàn thành bài tập đi kèm.','2026-03-23 12:16:12.292269','https://example.com/videos/c03_l10',53),(531,'Buổi 01: Giới thiệu khóa học và lộ trình','Nội dung buổi 01 của khóa \'Kiểm thử phần mềm thực chiến\'. Học viên cần đọc tài liệu và hoàn thành bài tập đi kèm.','2026-03-23 12:16:12.294774','https://example.com/videos/c04_l01',54),(532,'Buổi 02: Ôn lại kiến thức nền tảng','Nội dung buổi 02 của khóa \'Kiểm thử phần mềm thực chiến\'. Học viên cần đọc tài liệu và hoàn thành bài tập đi kèm.','2026-03-23 12:16:12.295775','https://example.com/videos/c04_l02',54),(533,'Buổi 03: Thiết lập môi trường làm việc','Nội dung buổi 03 của khóa \'Kiểm thử phần mềm thực chiến\'. Học viên cần đọc tài liệu và hoàn thành bài tập đi kèm.','2026-03-23 12:16:12.296774','https://example.com/videos/c04_l03',54),(534,'Buổi 04: Thực hành với ví dụ cơ bản','Nội dung buổi 04 của khóa \'Kiểm thử phần mềm thực chiến\'. Học viên cần đọc tài liệu và hoàn thành bài tập đi kèm.','2026-03-23 12:16:12.298776','https://example.com/videos/c04_l04',54),(535,'Buổi 05: Mô hình hóa bài toán thực tế','Nội dung buổi 05 của khóa \'Kiểm thử phần mềm thực chiến\'. Học viên cần đọc tài liệu và hoàn thành bài tập đi kèm.','2026-03-23 12:16:12.300775','https://example.com/videos/c04_l05',54),(536,'Buổi 06: Kỹ thuật xử lý lỗi thường gặp','Nội dung buổi 06 của khóa \'Kiểm thử phần mềm thực chiến\'. Học viên cần đọc tài liệu và hoàn thành bài tập đi kèm.','2026-03-23 12:16:12.301777','https://example.com/videos/c04_l06',54),(537,'Buổi 07: Tối ưu hiệu năng và chất lượng','Nội dung buổi 07 của khóa \'Kiểm thử phần mềm thực chiến\'. Học viên cần đọc tài liệu và hoàn thành bài tập đi kèm.','2026-03-23 12:16:12.304025','https://example.com/videos/c04_l07',54),(538,'Buổi 08: Làm việc nhóm và quy chuẩn code','Nội dung buổi 08 của khóa \'Kiểm thử phần mềm thực chiến\'. Học viên cần đọc tài liệu và hoàn thành bài tập đi kèm.','2026-03-23 12:16:12.306088','https://example.com/videos/c04_l08',54),(539,'Buổi 09: Mini project theo chủ đề','Nội dung buổi 09 của khóa \'Kiểm thử phần mềm thực chiến\'. Học viên cần đọc tài liệu và hoàn thành bài tập đi kèm.','2026-03-23 12:16:12.307089','https://example.com/videos/c04_l09',54),(540,'Buổi 10: Tổng kết và định hướng nâng cao','Nội dung buổi 10 của khóa \'Kiểm thử phần mềm thực chiến\'. Học viên cần đọc tài liệu và hoàn thành bài tập đi kèm.','2026-03-23 12:16:12.308091','https://example.com/videos/c04_l10',54),(541,'Buổi 01: Giới thiệu khóa học và lộ trình','Nội dung buổi 01 của khóa \'JavaScript hiện đại cho lập trình web\'. Học viên cần đọc tài liệu và hoàn thành bài tập đi kèm.','2026-03-23 12:16:12.310088','https://example.com/videos/c05_l01',55),(542,'Buổi 02: Ôn lại kiến thức nền tảng','Nội dung buổi 02 của khóa \'JavaScript hiện đại cho lập trình web\'. Học viên cần đọc tài liệu và hoàn thành bài tập đi kèm.','2026-03-23 12:16:12.312088','https://example.com/videos/c05_l02',55),(543,'Buổi 03: Thiết lập môi trường làm việc','Nội dung buổi 03 của khóa \'JavaScript hiện đại cho lập trình web\'. Học viên cần đọc tài liệu và hoàn thành bài tập đi kèm.','2026-03-23 12:16:12.313597','https://example.com/videos/c05_l03',55),(544,'Buổi 04: Thực hành với ví dụ cơ bản','Nội dung buổi 04 của khóa \'JavaScript hiện đại cho lập trình web\'. Học viên cần đọc tài liệu và hoàn thành bài tập đi kèm.','2026-03-23 12:16:12.315727','https://example.com/videos/c05_l04',55),(545,'Buổi 05: Mô hình hóa bài toán thực tế','Nội dung buổi 05 của khóa \'JavaScript hiện đại cho lập trình web\'. Học viên cần đọc tài liệu và hoàn thành bài tập đi kèm.','2026-03-23 12:16:12.317730','https://example.com/videos/c05_l05',55),(546,'Buổi 06: Kỹ thuật xử lý lỗi thường gặp','Nội dung buổi 06 của khóa \'JavaScript hiện đại cho lập trình web\'. Học viên cần đọc tài liệu và hoàn thành bài tập đi kèm.','2026-03-23 12:16:12.319728','https://example.com/videos/c05_l06',55),(547,'Buổi 07: Tối ưu hiệu năng và chất lượng','Nội dung buổi 07 của khóa \'JavaScript hiện đại cho lập trình web\'. Học viên cần đọc tài liệu và hoàn thành bài tập đi kèm.','2026-03-23 12:16:12.321726','https://example.com/videos/c05_l07',55),(548,'Buổi 08: Làm việc nhóm và quy chuẩn code','Nội dung buổi 08 của khóa \'JavaScript hiện đại cho lập trình web\'. Học viên cần đọc tài liệu và hoàn thành bài tập đi kèm.','2026-03-23 12:16:12.323747','https://example.com/videos/c05_l08',55),(549,'Buổi 09: Mini project theo chủ đề','Nội dung buổi 09 của khóa \'JavaScript hiện đại cho lập trình web\'. Học viên cần đọc tài liệu và hoàn thành bài tập đi kèm.','2026-03-23 12:16:12.326002','https://example.com/videos/c05_l09',55),(550,'Buổi 10: Tổng kết và định hướng nâng cao','Nội dung buổi 10 của khóa \'JavaScript hiện đại cho lập trình web\'. Học viên cần đọc tài liệu và hoàn thành bài tập đi kèm.','2026-03-23 12:16:12.328002','https://example.com/videos/c05_l10',55),(551,'Buổi 01: Giới thiệu khóa học và lộ trình','Nội dung buổi 01 của khóa \'Phân tích dữ liệu với Pandas\'. Học viên cần đọc tài liệu và hoàn thành bài tập đi kèm.','2026-03-23 12:16:12.329996','https://example.com/videos/c06_l01',56),(552,'Buổi 02: Ôn lại kiến thức nền tảng','Nội dung buổi 02 của khóa \'Phân tích dữ liệu với Pandas\'. Học viên cần đọc tài liệu và hoàn thành bài tập đi kèm.','2026-03-23 12:16:12.330997','https://example.com/videos/c06_l02',56),(553,'Buổi 03: Thiết lập môi trường làm việc','Nội dung buổi 03 của khóa \'Phân tích dữ liệu với Pandas\'. Học viên cần đọc tài liệu và hoàn thành bài tập đi kèm.','2026-03-23 12:16:12.336029','https://example.com/videos/c06_l03',56),(554,'Buổi 04: Thực hành với ví dụ cơ bản','Nội dung buổi 04 của khóa \'Phân tích dữ liệu với Pandas\'. Học viên cần đọc tài liệu và hoàn thành bài tập đi kèm.','2026-03-23 12:16:12.339040','https://example.com/videos/c06_l04',56),(555,'Buổi 05: Mô hình hóa bài toán thực tế','Nội dung buổi 05 của khóa \'Phân tích dữ liệu với Pandas\'. Học viên cần đọc tài liệu và hoàn thành bài tập đi kèm.','2026-03-23 12:16:12.341036','https://example.com/videos/c06_l05',56),(556,'Buổi 06: Kỹ thuật xử lý lỗi thường gặp','Nội dung buổi 06 của khóa \'Phân tích dữ liệu với Pandas\'. Học viên cần đọc tài liệu và hoàn thành bài tập đi kèm.','2026-03-23 12:16:12.342965','https://example.com/videos/c06_l06',56),(557,'Buổi 07: Tối ưu hiệu năng và chất lượng','Nội dung buổi 07 của khóa \'Phân tích dữ liệu với Pandas\'. Học viên cần đọc tài liệu và hoàn thành bài tập đi kèm.','2026-03-23 12:16:12.344594','https://example.com/videos/c06_l07',56),(558,'Buổi 08: Làm việc nhóm và quy chuẩn code','Nội dung buổi 08 của khóa \'Phân tích dữ liệu với Pandas\'. Học viên cần đọc tài liệu và hoàn thành bài tập đi kèm.','2026-03-23 12:16:12.347139','https://example.com/videos/c06_l08',56),(559,'Buổi 09: Mini project theo chủ đề','Nội dung buổi 09 của khóa \'Phân tích dữ liệu với Pandas\'. Học viên cần đọc tài liệu và hoàn thành bài tập đi kèm.','2026-03-23 12:16:12.350112','https://example.com/videos/c06_l09',56),(560,'Buổi 10: Tổng kết và định hướng nâng cao','Nội dung buổi 10 của khóa \'Phân tích dữ liệu với Pandas\'. Học viên cần đọc tài liệu và hoàn thành bài tập đi kèm.','2026-03-23 12:16:12.351114','https://example.com/videos/c06_l10',56),(561,'Buổi 01: Giới thiệu khóa học và lộ trình','Nội dung buổi 01 của khóa \'UI/UX căn bản cho lập trình viên\'. Học viên cần đọc tài liệu và hoàn thành bài tập đi kèm.','2026-03-23 12:16:12.353618','https://example.com/videos/c07_l01',57),(562,'Buổi 02: Ôn lại kiến thức nền tảng','Nội dung buổi 02 của khóa \'UI/UX căn bản cho lập trình viên\'. Học viên cần đọc tài liệu và hoàn thành bài tập đi kèm.','2026-03-23 12:16:12.356624','https://example.com/videos/c07_l02',57),(563,'Buổi 03: Thiết lập môi trường làm việc','Nội dung buổi 03 của khóa \'UI/UX căn bản cho lập trình viên\'. Học viên cần đọc tài liệu và hoàn thành bài tập đi kèm.','2026-03-23 12:16:12.357628','https://example.com/videos/c07_l03',57),(564,'Buổi 04: Thực hành với ví dụ cơ bản','Nội dung buổi 04 của khóa \'UI/UX căn bản cho lập trình viên\'. Học viên cần đọc tài liệu và hoàn thành bài tập đi kèm.','2026-03-23 12:16:12.359625','https://example.com/videos/c07_l04',57),(565,'Buổi 05: Mô hình hóa bài toán thực tế','Nội dung buổi 05 của khóa \'UI/UX căn bản cho lập trình viên\'. Học viên cần đọc tài liệu và hoàn thành bài tập đi kèm.','2026-03-23 12:16:12.360624','https://example.com/videos/c07_l05',57),(566,'Buổi 06: Kỹ thuật xử lý lỗi thường gặp','Nội dung buổi 06 của khóa \'UI/UX căn bản cho lập trình viên\'. Học viên cần đọc tài liệu và hoàn thành bài tập đi kèm.','2026-03-23 12:16:12.361624','https://example.com/videos/c07_l06',57),(567,'Buổi 07: Tối ưu hiệu năng và chất lượng','Nội dung buổi 07 của khóa \'UI/UX căn bản cho lập trình viên\'. Học viên cần đọc tài liệu và hoàn thành bài tập đi kèm.','2026-03-23 12:16:12.364134','https://example.com/videos/c07_l07',57),(568,'Buổi 08: Làm việc nhóm và quy chuẩn code','Nội dung buổi 08 của khóa \'UI/UX căn bản cho lập trình viên\'. Học viên cần đọc tài liệu và hoàn thành bài tập đi kèm.','2026-03-23 12:16:12.365905','https://example.com/videos/c07_l08',57),(569,'Buổi 09: Mini project theo chủ đề','Nội dung buổi 09 của khóa \'UI/UX căn bản cho lập trình viên\'. Học viên cần đọc tài liệu và hoàn thành bài tập đi kèm.','2026-03-23 12:16:12.367907','https://example.com/videos/c07_l09',57),(570,'Buổi 10: Tổng kết và định hướng nâng cao','Nội dung buổi 10 của khóa \'UI/UX căn bản cho lập trình viên\'. Học viên cần đọc tài liệu và hoàn thành bài tập đi kèm.','2026-03-23 12:16:12.369904','https://example.com/videos/c07_l10',57),(571,'Buổi 01: Giới thiệu khóa học và lộ trình','Nội dung buổi 01 của khóa \'Thuật toán và cấu trúc dữ liệu nền tảng\'. Học viên cần đọc tài liệu và hoàn thành bài tập đi kèm.','2026-03-23 12:16:12.371904','https://example.com/videos/c08_l01',58),(572,'Buổi 02: Ôn lại kiến thức nền tảng','Nội dung buổi 02 của khóa \'Thuật toán và cấu trúc dữ liệu nền tảng\'. Học viên cần đọc tài liệu và hoàn thành bài tập đi kèm.','2026-03-23 12:16:12.372905','https://example.com/videos/c08_l02',58),(573,'Buổi 03: Thiết lập môi trường làm việc','Nội dung buổi 03 của khóa \'Thuật toán và cấu trúc dữ liệu nền tảng\'. Học viên cần đọc tài liệu và hoàn thành bài tập đi kèm.','2026-03-23 12:16:12.375220','https://example.com/videos/c08_l03',58),(574,'Buổi 04: Thực hành với ví dụ cơ bản','Nội dung buổi 04 của khóa \'Thuật toán và cấu trúc dữ liệu nền tảng\'. Học viên cần đọc tài liệu và hoàn thành bài tập đi kèm.','2026-03-23 12:16:12.377221','https://example.com/videos/c08_l04',58),(575,'Buổi 05: Mô hình hóa bài toán thực tế','Nội dung buổi 05 của khóa \'Thuật toán và cấu trúc dữ liệu nền tảng\'. Học viên cần đọc tài liệu và hoàn thành bài tập đi kèm.','2026-03-23 12:16:12.378218','https://example.com/videos/c08_l05',58),(576,'Buổi 06: Kỹ thuật xử lý lỗi thường gặp','Nội dung buổi 06 của khóa \'Thuật toán và cấu trúc dữ liệu nền tảng\'. Học viên cần đọc tài liệu và hoàn thành bài tập đi kèm.','2026-03-23 12:16:12.380494','https://example.com/videos/c08_l06',58),(577,'Buổi 07: Tối ưu hiệu năng và chất lượng','Nội dung buổi 07 của khóa \'Thuật toán và cấu trúc dữ liệu nền tảng\'. Học viên cần đọc tài liệu và hoàn thành bài tập đi kèm.','2026-03-23 12:16:12.383046','https://example.com/videos/c08_l07',58),(578,'Buổi 08: Làm việc nhóm và quy chuẩn code','Nội dung buổi 08 của khóa \'Thuật toán và cấu trúc dữ liệu nền tảng\'. Học viên cần đọc tài liệu và hoàn thành bài tập đi kèm.','2026-03-23 12:16:12.384593','https://example.com/videos/c08_l08',58),(579,'Buổi 09: Mini project theo chủ đề','Nội dung buổi 09 của khóa \'Thuật toán và cấu trúc dữ liệu nền tảng\'. Học viên cần đọc tài liệu và hoàn thành bài tập đi kèm.','2026-03-23 12:16:12.385600','https://example.com/videos/c08_l09',58),(580,'Buổi 10: Tổng kết và định hướng nâng cao','Nội dung buổi 10 của khóa \'Thuật toán và cấu trúc dữ liệu nền tảng\'. Học viên cần đọc tài liệu và hoàn thành bài tập đi kèm.','2026-03-23 12:16:12.387603','https://example.com/videos/c08_l10',58),(581,'Buổi 01: Giới thiệu khóa học và lộ trình','Nội dung buổi 01 của khóa \'Git và quy trình làm việc nhóm\'. Học viên cần đọc tài liệu và hoàn thành bài tập đi kèm.','2026-03-23 12:16:12.389603','https://example.com/videos/c09_l01',59),(582,'Buổi 02: Ôn lại kiến thức nền tảng','Nội dung buổi 02 của khóa \'Git và quy trình làm việc nhóm\'. Học viên cần đọc tài liệu và hoàn thành bài tập đi kèm.','2026-03-23 12:16:12.391600','https://example.com/videos/c09_l02',59),(583,'Buổi 03: Thiết lập môi trường làm việc','Nội dung buổi 03 của khóa \'Git và quy trình làm việc nhóm\'. Học viên cần đọc tài liệu và hoàn thành bài tập đi kèm.','2026-03-23 12:16:12.393104','https://example.com/videos/c09_l03',59),(584,'Buổi 04: Thực hành với ví dụ cơ bản','Nội dung buổi 04 của khóa \'Git và quy trình làm việc nhóm\'. Học viên cần đọc tài liệu và hoàn thành bài tập đi kèm.','2026-03-23 12:16:12.393616','https://example.com/videos/c09_l04',59),(585,'Buổi 05: Mô hình hóa bài toán thực tế','Nội dung buổi 05 của khóa \'Git và quy trình làm việc nhóm\'. Học viên cần đọc tài liệu và hoàn thành bài tập đi kèm.','2026-03-23 12:16:12.396624','https://example.com/videos/c09_l05',59),(586,'Buổi 06: Kỹ thuật xử lý lỗi thường gặp','Nội dung buổi 06 của khóa \'Git và quy trình làm việc nhóm\'. Học viên cần đọc tài liệu và hoàn thành bài tập đi kèm.','2026-03-23 12:16:12.398626','https://example.com/videos/c09_l06',59),(587,'Buổi 07: Tối ưu hiệu năng và chất lượng','Nội dung buổi 07 của khóa \'Git và quy trình làm việc nhóm\'. Học viên cần đọc tài liệu và hoàn thành bài tập đi kèm.','2026-03-23 12:16:12.400627','https://example.com/videos/c09_l07',59),(588,'Buổi 08: Làm việc nhóm và quy chuẩn code','Nội dung buổi 08 của khóa \'Git và quy trình làm việc nhóm\'. Học viên cần đọc tài liệu và hoàn thành bài tập đi kèm.','2026-03-23 12:16:12.401628','https://example.com/videos/c09_l08',59),(589,'Buổi 09: Mini project theo chủ đề','Nội dung buổi 09 của khóa \'Git và quy trình làm việc nhóm\'. Học viên cần đọc tài liệu và hoàn thành bài tập đi kèm.','2026-03-23 12:16:12.404994','https://example.com/videos/c09_l09',59),(590,'Buổi 10: Tổng kết và định hướng nâng cao','Nội dung buổi 10 của khóa \'Git và quy trình làm việc nhóm\'. Học viên cần đọc tài liệu và hoàn thành bài tập đi kèm.','2026-03-23 12:16:12.406004','https://example.com/videos/c09_l10',59),(591,'Buổi 01: Giới thiệu khóa học và lộ trình','Nội dung buổi 01 của khóa \'Triển khai ứng dụng với Docker\'. Học viên cần đọc tài liệu và hoàn thành bài tập đi kèm.','2026-03-23 12:16:12.409001','https://example.com/videos/c10_l01',60),(592,'Buổi 02: Ôn lại kiến thức nền tảng','Nội dung buổi 02 của khóa \'Triển khai ứng dụng với Docker\'. Học viên cần đọc tài liệu và hoàn thành bài tập đi kèm.','2026-03-23 12:16:12.411174','https://example.com/videos/c10_l02',60),(593,'Buổi 03: Thiết lập môi trường làm việc','Nội dung buổi 03 của khóa \'Triển khai ứng dụng với Docker\'. Học viên cần đọc tài liệu và hoàn thành bài tập đi kèm.','2026-03-23 12:16:12.412174','https://example.com/videos/c10_l03',60),(594,'Buổi 04: Thực hành với ví dụ cơ bản','Nội dung buổi 04 của khóa \'Triển khai ứng dụng với Docker\'. Học viên cần đọc tài liệu và hoàn thành bài tập đi kèm.','2026-03-23 12:16:12.415743','https://example.com/videos/c10_l04',60),(595,'Buổi 05: Mô hình hóa bài toán thực tế','Nội dung buổi 05 của khóa \'Triển khai ứng dụng với Docker\'. Học viên cần đọc tài liệu và hoàn thành bài tập đi kèm.','2026-03-23 12:16:12.416744','https://example.com/videos/c10_l05',60),(596,'Buổi 06: Kỹ thuật xử lý lỗi thường gặp','Nội dung buổi 06 của khóa \'Triển khai ứng dụng với Docker\'. Học viên cần đọc tài liệu và hoàn thành bài tập đi kèm.','2026-03-23 12:16:12.418745','https://example.com/videos/c10_l06',60),(597,'Buổi 07: Tối ưu hiệu năng và chất lượng','Nội dung buổi 07 của khóa \'Triển khai ứng dụng với Docker\'. Học viên cần đọc tài liệu và hoàn thành bài tập đi kèm.','2026-03-23 12:16:12.419742','https://example.com/videos/c10_l07',60),(598,'Buổi 08: Làm việc nhóm và quy chuẩn code','Nội dung buổi 08 của khóa \'Triển khai ứng dụng với Docker\'. Học viên cần đọc tài liệu và hoàn thành bài tập đi kèm.','2026-03-23 12:16:12.421743','https://example.com/videos/c10_l08',60),(599,'Buổi 09: Mini project theo chủ đề','Nội dung buổi 09 của khóa \'Triển khai ứng dụng với Docker\'. Học viên cần đọc tài liệu và hoàn thành bài tập đi kèm.','2026-03-23 12:16:12.423766','https://example.com/videos/c10_l09',60),(600,'Buổi 10: Tổng kết và định hướng nâng cao','Nội dung buổi 10 của khóa \'Triển khai ứng dụng với Docker\'. Học viên cần đọc tài liệu và hoàn thành bài tập đi kèm.','2026-03-23 12:16:12.426776','https://example.com/videos/c10_l10',60);
/*!40000 ALTER TABLE `elearning_lesson` ENABLE KEYS */;
UNLOCK TABLES;

--
-- Table structure for table `elearning_submission`
--

DROP TABLE IF EXISTS `elearning_submission`;
/*!40101 SET @saved_cs_client     = @@character_set_client */;
/*!50503 SET character_set_client = utf8mb4 */;
CREATE TABLE `elearning_submission` (
  `id` bigint NOT NULL AUTO_INCREMENT,
  `content` longtext NOT NULL,
  `submitted_at` datetime(6) NOT NULL,
  `grade` double DEFAULT NULL,
  `comment` longtext,
  `assignment_id` bigint NOT NULL,
  `student_id` bigint NOT NULL,
  PRIMARY KEY (`id`),
  UNIQUE KEY `elearning_submission_assignment_id_student_id_13be57b9_uniq` (`assignment_id`,`student_id`),
  KEY `elearning_submission_student_id_32a38b59_fk_elearning_user_id` (`student_id`),
  CONSTRAINT `elearning_submission_assignment_id_ecd96b41_fk_elearning` FOREIGN KEY (`assignment_id`) REFERENCES `elearning_assignment` (`id`),
  CONSTRAINT `elearning_submission_student_id_32a38b59_fk_elearning_user_id` FOREIGN KEY (`student_id`) REFERENCES `elearning_user` (`id`)
) ENGINE=InnoDB AUTO_INCREMENT=2451 DEFAULT CHARSET=utf8mb4 COLLATE=utf8mb4_0900_ai_ci;
/*!40101 SET character_set_client = @saved_cs_client */;

--
-- Dumping data for table `elearning_submission`
--

LOCK TABLES `elearning_submission` WRITE;
/*!40000 ALTER TABLE `elearning_submission` DISABLE KEYS */;
INSERT INTO `elearning_submission` VALUES (1961,'Bài làm đầy đủ của st01','2026-03-23 12:16:12.431774',9,'Bài làm tốt, nắm vững kiến thức.',5001,62),(1962,'Bài làm đầy đủ của st01','2026-03-23 12:16:12.431774',9,'Bài làm tốt, nắm vững kiến thức.',5002,62),(1963,'Bài làm đầy đủ của st01','2026-03-23 12:16:12.431774',9,'Bài làm tốt, nắm vững kiến thức.',5003,62),(1964,'Bài làm đầy đủ của st01','2026-03-23 12:16:12.431774',9,'Bài làm tốt, nắm vững kiến thức.',5004,62),(1965,'Bài làm đầy đủ của st01','2026-03-23 12:16:12.431774',9,'Bài làm tốt, nắm vững kiến thức.',5005,62),(1966,'Bài làm đầy đủ của st01','2026-03-23 12:16:12.431774',9,'Bài làm tốt, nắm vững kiến thức.',5006,62),(1967,'Bài làm đầy đủ của st01','2026-03-23 12:16:12.431774',9,'Bài làm tốt, nắm vững kiến thức.',5007,62),(1968,'Bài làm đầy đủ của st01','2026-03-23 12:16:12.431774',9,'Bài làm tốt, nắm vững kiến thức.',5008,62),(1969,'Bài làm đầy đủ của st01','2026-03-23 12:16:12.431774',9,'Bài làm tốt, nắm vững kiến thức.',5009,62),(1970,'Bài làm đầy đủ của st01','2026-03-23 12:16:12.431774',9,'Bài làm tốt, nắm vững kiến thức.',5010,62),(1971,'Bài làm đầy đủ của st01','2026-03-23 12:16:12.431774',9,'Bài làm tốt, nắm vững kiến thức.',5011,62),(1972,'Bài làm đầy đủ của st01','2026-03-23 12:16:12.431774',9,'Bài làm tốt, nắm vững kiến thức.',5012,62),(1973,'Bài làm đầy đủ của st01','2026-03-23 12:16:12.431774',9,'Bài làm tốt, nắm vững kiến thức.',5013,62),(1974,'Bài làm đầy đủ của st01','2026-03-23 12:16:12.431774',9,'Bài làm tốt, nắm vững kiến thức.',5014,62),(1975,'Bài làm đầy đủ của st01','2026-03-23 12:16:12.431774',9,'Bài làm tốt, nắm vững kiến thức.',5015,62),(1976,'Bài làm đầy đủ của st01','2026-03-23 12:16:12.431774',9,'Bài làm tốt, nắm vững kiến thức.',5016,62),(1977,'Bài làm đầy đủ của st01','2026-03-23 12:16:12.431774',9,'Bài làm tốt, nắm vững kiến thức.',5017,62),(1978,'Bài làm đầy đủ của st01','2026-03-23 12:16:12.431774',9,'Bài làm tốt, nắm vững kiến thức.',5018,62),(1979,'Bài làm đầy đủ của st01','2026-03-23 12:16:12.431774',9,'Bài làm tốt, nắm vững kiến thức.',5019,62),(1980,'Bài làm đầy đủ của st01','2026-03-23 12:16:12.431774',9,'Bài làm tốt, nắm vững kiến thức.',5020,62),(1981,'Bài làm đầy đủ của st01','2026-03-23 12:16:12.431774',9,'Bài làm tốt, nắm vững kiến thức.',5021,62),(1982,'Bài làm đầy đủ của st01','2026-03-23 12:16:12.431774',9,'Bài làm tốt, nắm vững kiến thức.',5022,62),(1983,'Bài làm đầy đủ của st01','2026-03-23 12:16:12.431774',9,'Bài làm tốt, nắm vững kiến thức.',5023,62),(1984,'Bài làm đầy đủ của st01','2026-03-23 12:16:12.431774',9,'Bài làm tốt, nắm vững kiến thức.',5024,62),(1985,'Bài làm đầy đủ của st01','2026-03-23 12:16:12.431774',9,'Bài làm tốt, nắm vững kiến thức.',5025,62),(1986,'Bài làm đầy đủ của st01','2026-03-23 12:16:12.431774',9,'Bài làm tốt, nắm vững kiến thức.',5026,62),(1987,'Bài làm đầy đủ của st01','2026-03-23 12:16:12.431774',9,'Bài làm tốt, nắm vững kiến thức.',5027,62),(1988,'Bài làm đầy đủ của st01','2026-03-23 12:16:12.431774',9,'Bài làm tốt, nắm vững kiến thức.',5028,62),(1989,'Bài làm đầy đủ của st01','2026-03-23 12:16:12.431774',9,'Bài làm tốt, nắm vững kiến thức.',5029,62),(1990,'Bài làm đầy đủ của st01','2026-03-23 12:16:12.431774',9,'Bài làm tốt, nắm vững kiến thức.',5030,62),(1991,'Bài làm đầy đủ của st01','2026-03-23 12:16:12.431774',9,'Bài làm tốt, nắm vững kiến thức.',5031,62),(1992,'Bài làm đầy đủ của st01','2026-03-23 12:16:12.431774',9,'Bài làm tốt, nắm vững kiến thức.',5032,62),(1993,'Bài làm đầy đủ của st01','2026-03-23 12:16:12.431774',9,'Bài làm tốt, nắm vững kiến thức.',5033,62),(1994,'Bài làm đầy đủ của st01','2026-03-23 12:16:12.431774',9,'Bài làm tốt, nắm vững kiến thức.',5034,62),(1995,'Bài làm đầy đủ của st01','2026-03-23 12:16:12.431774',9,'Bài làm tốt, nắm vững kiến thức.',5035,62),(1996,'Bài làm đầy đủ của st01','2026-03-23 12:16:12.431774',9,'Bài làm tốt, nắm vững kiến thức.',5036,62),(1997,'Bài làm đầy đủ của st01','2026-03-23 12:16:12.431774',9,'Bài làm tốt, nắm vững kiến thức.',5037,62),(1998,'Bài làm đầy đủ của st01','2026-03-23 12:16:12.431774',9,'Bài làm tốt, nắm vững kiến thức.',5038,62),(1999,'Bài làm đầy đủ của st01','2026-03-23 12:16:12.431774',9,'Bài làm tốt, nắm vững kiến thức.',5039,62),(2000,'Bài làm đầy đủ của st01','2026-03-23 12:16:12.431774',9,'Bài làm tốt, nắm vững kiến thức.',5040,62),(2001,'Bài làm đầy đủ của st01','2026-03-23 12:16:12.431774',9,'Bài làm tốt, nắm vững kiến thức.',5041,62),(2002,'Bài làm đầy đủ của st01','2026-03-23 12:16:12.431774',9,'Bài làm tốt, nắm vững kiến thức.',5042,62),(2003,'Bài làm đầy đủ của st01','2026-03-23 12:16:12.431774',9,'Bài làm tốt, nắm vững kiến thức.',5043,62),(2004,'Bài làm đầy đủ của st01','2026-03-23 12:16:12.431774',9,'Bài làm tốt, nắm vững kiến thức.',5044,62),(2005,'Bài làm đầy đủ của st01','2026-03-23 12:16:12.431774',9,'Bài làm tốt, nắm vững kiến thức.',5045,62),(2006,'Bài làm đầy đủ của st01','2026-03-23 12:16:12.431774',9,'Bài làm tốt, nắm vững kiến thức.',5046,62),(2007,'Bài làm đầy đủ của st01','2026-03-23 12:16:12.431774',9,'Bài làm tốt, nắm vững kiến thức.',5047,62),(2008,'Bài làm đầy đủ của st01','2026-03-23 12:16:12.431774',9,'Bài làm tốt, nắm vững kiến thức.',5048,62),(2009,'Bài làm đầy đủ của st01','2026-03-23 12:16:12.431774',9,'Bài làm tốt, nắm vững kiến thức.',5049,62),(2010,'Bài làm đầy đủ của st01','2026-03-23 12:16:12.431774',9,'Bài làm tốt, nắm vững kiến thức.',5050,62),(2011,'Bài làm đầy đủ của st01','2026-03-23 12:16:12.431774',9,'Bài làm tốt, nắm vững kiến thức.',5051,62),(2012,'Bài làm đầy đủ của st01','2026-03-23 12:16:12.431774',9,'Bài làm tốt, nắm vững kiến thức.',5052,62),(2013,'Bài làm đầy đủ của st01','2026-03-23 12:16:12.431774',9,'Bài làm tốt, nắm vững kiến thức.',5053,62),(2014,'Bài làm đầy đủ của st01','2026-03-23 12:16:12.431774',9,'Bài làm tốt, nắm vững kiến thức.',5054,62),(2015,'Bài làm đầy đủ của st01','2026-03-23 12:16:12.431774',9,'Bài làm tốt, nắm vững kiến thức.',5055,62),(2016,'Bài làm đầy đủ của st01','2026-03-23 12:16:12.431774',9,'Bài làm tốt, nắm vững kiến thức.',5056,62),(2017,'Bài làm đầy đủ của st01','2026-03-23 12:16:12.431774',9,'Bài làm tốt, nắm vững kiến thức.',5057,62),(2018,'Bài làm đầy đủ của st01','2026-03-23 12:16:12.431774',9,'Bài làm tốt, nắm vững kiến thức.',5058,62),(2019,'Bài làm đầy đủ của st01','2026-03-23 12:16:12.431774',9,'Bài làm tốt, nắm vững kiến thức.',5059,62),(2020,'Bài làm đầy đủ của st01','2026-03-23 12:16:12.431774',9,'Bài làm tốt, nắm vững kiến thức.',5060,62),(2021,'Bài làm đầy đủ của st01','2026-03-23 12:16:12.431774',9,'Bài làm tốt, nắm vững kiến thức.',5061,62),(2022,'Bài làm đầy đủ của st01','2026-03-23 12:16:12.431774',9,'Bài làm tốt, nắm vững kiến thức.',5062,62),(2023,'Bài làm đầy đủ của st01','2026-03-23 12:16:12.431774',9,'Bài làm tốt, nắm vững kiến thức.',5063,62),(2024,'Bài làm đầy đủ của st01','2026-03-23 12:16:12.431774',9,'Bài làm tốt, nắm vững kiến thức.',5064,62),(2025,'Bài làm đầy đủ của st01','2026-03-23 12:16:12.431774',9,'Bài làm tốt, nắm vững kiến thức.',5065,62),(2026,'Bài làm đầy đủ của st01','2026-03-23 12:16:12.431774',9,'Bài làm tốt, nắm vững kiến thức.',5066,62),(2027,'Bài làm đầy đủ của st01','2026-03-23 12:16:12.431774',9,'Bài làm tốt, nắm vững kiến thức.',5067,62),(2028,'Bài làm đầy đủ của st01','2026-03-23 12:16:12.431774',9,'Bài làm tốt, nắm vững kiến thức.',5068,62),(2029,'Bài làm đầy đủ của st01','2026-03-23 12:16:12.431774',9,'Bài làm tốt, nắm vững kiến thức.',5069,62),(2030,'Bài làm đầy đủ của st01','2026-03-23 12:16:12.431774',9,'Bài làm tốt, nắm vững kiến thức.',5070,62),(2031,'Bài làm đầy đủ của st01','2026-03-23 12:16:12.431774',9,'Bài làm tốt, nắm vững kiến thức.',5071,62),(2032,'Bài làm đầy đủ của st01','2026-03-23 12:16:12.431774',9,'Bài làm tốt, nắm vững kiến thức.',5072,62),(2033,'Bài làm đầy đủ của st01','2026-03-23 12:16:12.431774',9,'Bài làm tốt, nắm vững kiến thức.',5073,62),(2034,'Bài làm đầy đủ của st01','2026-03-23 12:16:12.431774',9,'Bài làm tốt, nắm vững kiến thức.',5074,62),(2035,'Bài làm đầy đủ của st01','2026-03-23 12:16:12.431774',9,'Bài làm tốt, nắm vững kiến thức.',5075,62),(2036,'Bài làm đầy đủ của st01','2026-03-23 12:16:12.431774',9,'Bài làm tốt, nắm vững kiến thức.',5076,62),(2037,'Bài làm đầy đủ của st01','2026-03-23 12:16:12.431774',9,'Bài làm tốt, nắm vững kiến thức.',5077,62),(2038,'Bài làm đầy đủ của st01','2026-03-23 12:16:12.431774',9,'Bài làm tốt, nắm vững kiến thức.',5078,62),(2039,'Bài làm đầy đủ của st01','2026-03-23 12:16:12.431774',9,'Bài làm tốt, nắm vững kiến thức.',5079,62),(2040,'Bài làm đầy đủ của st01','2026-03-23 12:16:12.431774',9,'Bài làm tốt, nắm vững kiến thức.',5080,62),(2041,'Bài làm đầy đủ của st01','2026-03-23 12:16:12.431774',9,'Bài làm tốt, nắm vững kiến thức.',5081,62),(2042,'Bài làm đầy đủ của st01','2026-03-23 12:16:12.431774',9,'Bài làm tốt, nắm vững kiến thức.',5082,62),(2043,'Bài làm đầy đủ của st01','2026-03-23 12:16:12.431774',9,'Bài làm tốt, nắm vững kiến thức.',5083,62),(2044,'Bài làm đầy đủ của st01','2026-03-23 12:16:12.431774',9,'Bài làm tốt, nắm vững kiến thức.',5084,62),(2045,'Bài làm đầy đủ của st01','2026-03-23 12:16:12.431774',9,'Bài làm tốt, nắm vững kiến thức.',5085,62),(2046,'Bài làm đầy đủ của st01','2026-03-23 12:16:12.431774',9,'Bài làm tốt, nắm vững kiến thức.',5086,62),(2047,'Bài làm đầy đủ của st01','2026-03-23 12:16:12.431774',9,'Bài làm tốt, nắm vững kiến thức.',5087,62),(2048,'Bài làm đầy đủ của st01','2026-03-23 12:16:12.431774',9,'Bài làm tốt, nắm vững kiến thức.',5088,62),(2049,'Bài làm đầy đủ của st01','2026-03-23 12:16:12.431774',9,'Bài làm tốt, nắm vững kiến thức.',5089,62),(2050,'Bài làm đầy đủ của st01','2026-03-23 12:16:12.431774',9,'Bài làm tốt, nắm vững kiến thức.',5090,62),(2051,'Bài làm đầy đủ của st01','2026-03-23 12:16:12.431774',9,'Bài làm tốt, nắm vững kiến thức.',5091,62),(2052,'Bài làm đầy đủ của st01','2026-03-23 12:16:12.431774',9,'Bài làm tốt, nắm vững kiến thức.',5092,62),(2053,'Bài làm đầy đủ của st01','2026-03-23 12:16:12.431774',9,'Bài làm tốt, nắm vững kiến thức.',5093,62),(2054,'Bài làm đầy đủ của st01','2026-03-23 12:16:12.431774',9,'Bài làm tốt, nắm vững kiến thức.',5094,62),(2055,'Bài làm đầy đủ của st01','2026-03-23 12:16:12.431774',9,'Bài làm tốt, nắm vững kiến thức.',5095,62),(2056,'Bài làm đầy đủ của st01','2026-03-23 12:16:12.431774',9,'Bài làm tốt, nắm vững kiến thức.',5096,62),(2057,'Bài làm đầy đủ của st01','2026-03-23 12:16:12.431774',9,'Bài làm tốt, nắm vững kiến thức.',5097,62),(2058,'Bài làm đầy đủ của st01','2026-03-23 12:16:12.431774',9,'Bài làm tốt, nắm vững kiến thức.',5098,62),(2059,'Bài làm đầy đủ của st01','2026-03-23 12:16:12.431774',9,'Bài làm tốt, nắm vững kiến thức.',5099,62),(2060,'Bài làm đầy đủ của st01','2026-03-23 12:16:12.431774',9,'Bài làm tốt, nắm vững kiến thức.',5100,62),(2061,'Bài làm đầy đủ của st01','2026-03-23 12:16:12.438804',9,'Bài làm tốt, nắm vững kiến thức.',5101,62),(2062,'Bài làm đầy đủ của st01','2026-03-23 12:16:12.438804',9,'Bài làm tốt, nắm vững kiến thức.',5102,62),(2063,'Bài làm đầy đủ của st01','2026-03-23 12:16:12.438804',9,'Bài làm tốt, nắm vững kiến thức.',5103,62),(2064,'Bài làm đầy đủ của st01','2026-03-23 12:16:12.438804',9,'Bài làm tốt, nắm vững kiến thức.',5104,62),(2065,'Bài làm đầy đủ của st01','2026-03-23 12:16:12.438804',9,'Bài làm tốt, nắm vững kiến thức.',5105,62),(2066,'Bài làm đầy đủ của st01','2026-03-23 12:16:12.438804',9,'Bài làm tốt, nắm vững kiến thức.',5106,62),(2067,'Bài làm đầy đủ của st01','2026-03-23 12:16:12.438804',9,'Bài làm tốt, nắm vững kiến thức.',5107,62),(2068,'Bài làm đầy đủ của st01','2026-03-23 12:16:12.438804',9,'Bài làm tốt, nắm vững kiến thức.',5108,62),(2069,'Bài làm đầy đủ của st01','2026-03-23 12:16:12.438804',9,'Bài làm tốt, nắm vững kiến thức.',5109,62),(2070,'Bài làm đầy đủ của st01','2026-03-23 12:16:12.438804',9,'Bài làm tốt, nắm vững kiến thức.',5110,62),(2071,'Bài làm đầy đủ của st01','2026-03-23 12:16:12.438804',9,'Bài làm tốt, nắm vững kiến thức.',5111,62),(2072,'Bài làm đầy đủ của st01','2026-03-23 12:16:12.438804',9,'Bài làm tốt, nắm vững kiến thức.',5112,62),(2073,'Bài làm đầy đủ của st01','2026-03-23 12:16:12.438804',9,'Bài làm tốt, nắm vững kiến thức.',5113,62),(2074,'Bài làm đầy đủ của st01','2026-03-23 12:16:12.438804',9,'Bài làm tốt, nắm vững kiến thức.',5114,62),(2075,'Bài làm đầy đủ của st01','2026-03-23 12:16:12.438804',9,'Bài làm tốt, nắm vững kiến thức.',5115,62),(2076,'Bài làm đầy đủ của st01','2026-03-23 12:16:12.438804',9,'Bài làm tốt, nắm vững kiến thức.',5116,62),(2077,'Bài làm đầy đủ của st01','2026-03-23 12:16:12.438804',9,'Bài làm tốt, nắm vững kiến thức.',5117,62),(2078,'Bài làm đầy đủ của st01','2026-03-23 12:16:12.438804',9,'Bài làm tốt, nắm vững kiến thức.',5118,62),(2079,'Bài làm đầy đủ của st01','2026-03-23 12:16:12.438804',9,'Bài làm tốt, nắm vững kiến thức.',5119,62),(2080,'Bài làm đầy đủ của st01','2026-03-23 12:16:12.438804',9,'Bài làm tốt, nắm vững kiến thức.',5120,62),(2081,'Bài làm đầy đủ của st01','2026-03-23 12:16:12.438804',9,'Bài làm tốt, nắm vững kiến thức.',5121,62),(2082,'Bài làm đầy đủ của st01','2026-03-23 12:16:12.438804',9,'Bài làm tốt, nắm vững kiến thức.',5122,62),(2083,'Bài làm đầy đủ của st01','2026-03-23 12:16:12.438804',9,'Bài làm tốt, nắm vững kiến thức.',5123,62),(2084,'Bài làm đầy đủ của st01','2026-03-23 12:16:12.438804',9,'Bài làm tốt, nắm vững kiến thức.',5124,62),(2085,'Bài làm đầy đủ của st01','2026-03-23 12:16:12.438804',9,'Bài làm tốt, nắm vững kiến thức.',5125,62),(2086,'Bài làm đầy đủ của st01','2026-03-23 12:16:12.438804',9,'Bài làm tốt, nắm vững kiến thức.',5126,62),(2087,'Bài làm đầy đủ của st01','2026-03-23 12:16:12.438804',9,'Bài làm tốt, nắm vững kiến thức.',5127,62),(2088,'Bài làm đầy đủ của st01','2026-03-23 12:16:12.438804',9,'Bài làm tốt, nắm vững kiến thức.',5128,62),(2089,'Bài làm đầy đủ của st01','2026-03-23 12:16:12.438804',9,'Bài làm tốt, nắm vững kiến thức.',5129,62),(2090,'Bài làm đầy đủ của st01','2026-03-23 12:16:12.438804',9,'Bài làm tốt, nắm vững kiến thức.',5130,62),(2091,'Bài làm đầy đủ của st01','2026-03-23 12:16:12.438804',9,'Bài làm tốt, nắm vững kiến thức.',5131,62),(2092,'Bài làm đầy đủ của st01','2026-03-23 12:16:12.438804',9,'Bài làm tốt, nắm vững kiến thức.',5132,62),(2093,'Bài làm đầy đủ của st01','2026-03-23 12:16:12.438804',9,'Bài làm tốt, nắm vững kiến thức.',5133,62),(2094,'Bài làm đầy đủ của st01','2026-03-23 12:16:12.438804',9,'Bài làm tốt, nắm vững kiến thức.',5134,62),(2095,'Bài làm đầy đủ của st01','2026-03-23 12:16:12.438804',9,'Bài làm tốt, nắm vững kiến thức.',5135,62),(2096,'Bài làm đầy đủ của st01','2026-03-23 12:16:12.438804',9,'Bài làm tốt, nắm vững kiến thức.',5136,62),(2097,'Bài làm đầy đủ của st01','2026-03-23 12:16:12.438804',9,'Bài làm tốt, nắm vững kiến thức.',5137,62),(2098,'Bài làm đầy đủ của st01','2026-03-23 12:16:12.438804',9,'Bài làm tốt, nắm vững kiến thức.',5138,62),(2099,'Bài làm đầy đủ của st01','2026-03-23 12:16:12.438804',9,'Bài làm tốt, nắm vững kiến thức.',5139,62),(2100,'Bài làm đầy đủ của st01','2026-03-23 12:16:12.438804',9,'Bài làm tốt, nắm vững kiến thức.',5140,62),(2101,'Bài làm đầy đủ của st01','2026-03-23 12:16:12.438804',9,'Bài làm tốt, nắm vững kiến thức.',5141,62),(2102,'Bài làm đầy đủ của st01','2026-03-23 12:16:12.438804',9,'Bài làm tốt, nắm vững kiến thức.',5142,62),(2103,'Bài làm đầy đủ của st01','2026-03-23 12:16:12.438804',9,'Bài làm tốt, nắm vững kiến thức.',5143,62),(2104,'Bài làm đầy đủ của st01','2026-03-23 12:16:12.438804',9,'Bài làm tốt, nắm vững kiến thức.',5144,62),(2105,'Bài làm đầy đủ của st01','2026-03-23 12:16:12.438804',9,'Bài làm tốt, nắm vững kiến thức.',5145,62),(2106,'Bài làm đầy đủ của st01','2026-03-23 12:16:12.438804',9,'Bài làm tốt, nắm vững kiến thức.',5146,62),(2107,'Bài làm đầy đủ của st01','2026-03-23 12:16:12.438804',9,'Bài làm tốt, nắm vững kiến thức.',5147,62),(2108,'Bài làm đầy đủ của st01','2026-03-23 12:16:12.438804',9,'Bài làm tốt, nắm vững kiến thức.',5148,62),(2109,'Bài làm đầy đủ của st01','2026-03-23 12:16:12.438804',9,'Bài làm tốt, nắm vững kiến thức.',5149,62),(2110,'Bài làm đầy đủ của st01','2026-03-23 12:16:12.438804',9,'Bài làm tốt, nắm vững kiến thức.',5150,62),(2111,'Bài làm đầy đủ của st01','2026-03-23 12:16:12.438804',9,'Bài làm tốt, nắm vững kiến thức.',5151,62),(2112,'Bài làm đầy đủ của st01','2026-03-23 12:16:12.438804',9,'Bài làm tốt, nắm vững kiến thức.',5152,62),(2113,'Bài làm đầy đủ của st01','2026-03-23 12:16:12.438804',9,'Bài làm tốt, nắm vững kiến thức.',5153,62),(2114,'Bài làm đầy đủ của st01','2026-03-23 12:16:12.438804',9,'Bài làm tốt, nắm vững kiến thức.',5154,62),(2115,'Bài làm đầy đủ của st01','2026-03-23 12:16:12.438804',9,'Bài làm tốt, nắm vững kiến thức.',5155,62),(2116,'Bài làm đầy đủ của st01','2026-03-23 12:16:12.438804',9,'Bài làm tốt, nắm vững kiến thức.',5156,62),(2117,'Bài làm đầy đủ của st01','2026-03-23 12:16:12.438804',9,'Bài làm tốt, nắm vững kiến thức.',5157,62),(2118,'Bài làm đầy đủ của st01','2026-03-23 12:16:12.438804',9,'Bài làm tốt, nắm vững kiến thức.',5158,62),(2119,'Bài làm đầy đủ của st01','2026-03-23 12:16:12.438804',9,'Bài làm tốt, nắm vững kiến thức.',5159,62),(2120,'Bài làm đầy đủ của st01','2026-03-23 12:16:12.438804',9,'Bài làm tốt, nắm vững kiến thức.',5160,62),(2121,'Bài làm đầy đủ của st01','2026-03-23 12:16:12.438804',9,'Bài làm tốt, nắm vững kiến thức.',5161,62),(2122,'Bài làm đầy đủ của st01','2026-03-23 12:16:12.438804',9,'Bài làm tốt, nắm vững kiến thức.',5162,62),(2123,'Bài làm đầy đủ của st01','2026-03-23 12:16:12.438804',9,'Bài làm tốt, nắm vững kiến thức.',5163,62),(2124,'Bài làm đầy đủ của st01','2026-03-23 12:16:12.438804',9,'Bài làm tốt, nắm vững kiến thức.',5164,62),(2125,'Bài làm đầy đủ của st01','2026-03-23 12:16:12.438804',9,'Bài làm tốt, nắm vững kiến thức.',5165,62),(2126,'Bài làm đầy đủ của st01','2026-03-23 12:16:12.438804',9,'Bài làm tốt, nắm vững kiến thức.',5166,62),(2127,'Bài làm đầy đủ của st01','2026-03-23 12:16:12.438804',9,'Bài làm tốt, nắm vững kiến thức.',5167,62),(2128,'Bài làm đầy đủ của st01','2026-03-23 12:16:12.438804',9,'Bài làm tốt, nắm vững kiến thức.',5168,62),(2129,'Bài làm đầy đủ của st01','2026-03-23 12:16:12.438804',9,'Bài làm tốt, nắm vững kiến thức.',5169,62),(2130,'Bài làm đầy đủ của st01','2026-03-23 12:16:12.438804',9,'Bài làm tốt, nắm vững kiến thức.',5170,62),(2131,'Bài làm đầy đủ của st01','2026-03-23 12:16:12.438804',9,'Bài làm tốt, nắm vững kiến thức.',5171,62),(2132,'Bài làm đầy đủ của st01','2026-03-23 12:16:12.438804',9,'Bài làm tốt, nắm vững kiến thức.',5172,62),(2133,'Bài làm đầy đủ của st01','2026-03-23 12:16:12.438804',9,'Bài làm tốt, nắm vững kiến thức.',5173,62),(2134,'Bài làm đầy đủ của st01','2026-03-23 12:16:12.438804',9,'Bài làm tốt, nắm vững kiến thức.',5174,62),(2135,'Bài làm đầy đủ của st01','2026-03-23 12:16:12.438804',9,'Bài làm tốt, nắm vững kiến thức.',5175,62),(2136,'Bài làm đầy đủ của st01','2026-03-23 12:16:12.438804',9,'Bài làm tốt, nắm vững kiến thức.',5176,62),(2137,'Bài làm đầy đủ của st01','2026-03-23 12:16:12.438804',9,'Bài làm tốt, nắm vững kiến thức.',5177,62),(2138,'Bài làm đầy đủ của st01','2026-03-23 12:16:12.438804',9,'Bài làm tốt, nắm vững kiến thức.',5178,62),(2139,'Bài làm đầy đủ của st01','2026-03-23 12:16:12.438804',9,'Bài làm tốt, nắm vững kiến thức.',5179,62),(2140,'Bài làm đầy đủ của st01','2026-03-23 12:16:12.438804',9,'Bài làm tốt, nắm vững kiến thức.',5180,62),(2141,'Bài làm đầy đủ của st01','2026-03-23 12:16:12.438804',9,'Bài làm tốt, nắm vững kiến thức.',5181,62),(2142,'Bài làm đầy đủ của st01','2026-03-23 12:16:12.438804',9,'Bài làm tốt, nắm vững kiến thức.',5182,62),(2143,'Bài làm đầy đủ của st01','2026-03-23 12:16:12.438804',9,'Bài làm tốt, nắm vững kiến thức.',5183,62),(2144,'Bài làm đầy đủ của st01','2026-03-23 12:16:12.438804',9,'Bài làm tốt, nắm vững kiến thức.',5184,62),(2145,'Bài làm đầy đủ của st01','2026-03-23 12:16:12.438804',9,'Bài làm tốt, nắm vững kiến thức.',5185,62),(2146,'Bài làm đầy đủ của st01','2026-03-23 12:16:12.438804',9,'Bài làm tốt, nắm vững kiến thức.',5186,62),(2147,'Bài làm đầy đủ của st01','2026-03-23 12:16:12.438804',9,'Bài làm tốt, nắm vững kiến thức.',5187,62),(2148,'Bài làm đầy đủ của st01','2026-03-23 12:16:12.438804',9,'Bài làm tốt, nắm vững kiến thức.',5188,62),(2149,'Bài làm đầy đủ của st01','2026-03-23 12:16:12.438804',9,'Bài làm tốt, nắm vững kiến thức.',5189,62),(2150,'Bài làm đầy đủ của st01','2026-03-23 12:16:12.438804',9,'Bài làm tốt, nắm vững kiến thức.',5190,62),(2151,'Bài làm đầy đủ của st01','2026-03-23 12:16:12.438804',9,'Bài làm tốt, nắm vững kiến thức.',5191,62),(2152,'Bài làm đầy đủ của st01','2026-03-23 12:16:12.438804',9,'Bài làm tốt, nắm vững kiến thức.',5192,62),(2153,'Bài làm đầy đủ của st01','2026-03-23 12:16:12.438804',9,'Bài làm tốt, nắm vững kiến thức.',5193,62),(2154,'Bài làm đầy đủ của st01','2026-03-23 12:16:12.438804',9,'Bài làm tốt, nắm vững kiến thức.',5194,62),(2155,'Bài làm đầy đủ của st01','2026-03-23 12:16:12.438804',9,'Bài làm tốt, nắm vững kiến thức.',5195,62),(2156,'Bài làm đầy đủ của st01','2026-03-23 12:16:12.438804',9,'Bài làm tốt, nắm vững kiến thức.',5196,62),(2157,'Bài làm đầy đủ của st01','2026-03-23 12:16:12.438804',9,'Bài làm tốt, nắm vững kiến thức.',5197,62),(2158,'Bài làm đầy đủ của st01','2026-03-23 12:16:12.438804',9,'Bài làm tốt, nắm vững kiến thức.',5198,62),(2159,'Bài làm đầy đủ của st01','2026-03-23 12:16:12.438804',9,'Bài làm tốt, nắm vững kiến thức.',5199,62),(2160,'Bài làm đầy đủ của st01','2026-03-23 12:16:12.438804',9,'Bài làm tốt, nắm vững kiến thức.',5200,62),(2161,'Bài làm đầy đủ của st01','2026-03-23 12:16:12.444125',9,'Bài làm tốt, nắm vững kiến thức.',5201,62),(2162,'Bài làm đầy đủ của st01','2026-03-23 12:16:12.444125',9,'Bài làm tốt, nắm vững kiến thức.',5202,62),(2163,'Bài làm đầy đủ của st01','2026-03-23 12:16:12.444125',9,'Bài làm tốt, nắm vững kiến thức.',5203,62),(2164,'Bài làm đầy đủ của st01','2026-03-23 12:16:12.444125',9,'Bài làm tốt, nắm vững kiến thức.',5204,62),(2165,'Bài làm đầy đủ của st01','2026-03-23 12:16:12.444125',9,'Bài làm tốt, nắm vững kiến thức.',5205,62),(2166,'Bài làm đầy đủ của st01','2026-03-23 12:16:12.444125',9,'Bài làm tốt, nắm vững kiến thức.',5206,62),(2167,'Bài làm đầy đủ của st01','2026-03-23 12:16:12.444125',9,'Bài làm tốt, nắm vững kiến thức.',5207,62),(2168,'Bài làm đầy đủ của st01','2026-03-23 12:16:12.444125',9,'Bài làm tốt, nắm vững kiến thức.',5208,62),(2169,'Bài làm đầy đủ của st01','2026-03-23 12:16:12.444125',9,'Bài làm tốt, nắm vững kiến thức.',5209,62),(2170,'Bài làm đầy đủ của st01','2026-03-23 12:16:12.444125',9,'Bài làm tốt, nắm vững kiến thức.',5210,62),(2171,'Bài làm đầy đủ của st01','2026-03-23 12:16:12.444125',9,'Bài làm tốt, nắm vững kiến thức.',5211,62),(2172,'Bài làm đầy đủ của st01','2026-03-23 12:16:12.444125',9,'Bài làm tốt, nắm vững kiến thức.',5212,62),(2173,'Bài làm đầy đủ của st01','2026-03-23 12:16:12.444125',9,'Bài làm tốt, nắm vững kiến thức.',5213,62),(2174,'Bài làm đầy đủ của st01','2026-03-23 12:16:12.444125',9,'Bài làm tốt, nắm vững kiến thức.',5214,62),(2175,'Bài làm đầy đủ của st01','2026-03-23 12:16:12.444125',9,'Bài làm tốt, nắm vững kiến thức.',5215,62),(2176,'Bài làm đầy đủ của st01','2026-03-23 12:16:12.444628',9,'Bài làm tốt, nắm vững kiến thức.',5216,62),(2177,'Bài làm đầy đủ của st01','2026-03-23 12:16:12.444628',9,'Bài làm tốt, nắm vững kiến thức.',5217,62),(2178,'Bài làm đầy đủ của st01','2026-03-23 12:16:12.444628',9,'Bài làm tốt, nắm vững kiến thức.',5218,62),(2179,'Bài làm đầy đủ của st01','2026-03-23 12:16:12.444628',9,'Bài làm tốt, nắm vững kiến thức.',5219,62),(2180,'Bài làm đầy đủ của st01','2026-03-23 12:16:12.444628',9,'Bài làm tốt, nắm vững kiến thức.',5220,62),(2181,'Bài làm đầy đủ của st01','2026-03-23 12:16:12.444628',9,'Bài làm tốt, nắm vững kiến thức.',5221,62),(2182,'Bài làm đầy đủ của st01','2026-03-23 12:16:12.444628',9,'Bài làm tốt, nắm vững kiến thức.',5222,62),(2183,'Bài làm đầy đủ của st01','2026-03-23 12:16:12.444628',9,'Bài làm tốt, nắm vững kiến thức.',5223,62),(2184,'Bài làm đầy đủ của st01','2026-03-23 12:16:12.444628',9,'Bài làm tốt, nắm vững kiến thức.',5224,62),(2185,'Bài làm đầy đủ của st01','2026-03-23 12:16:12.444628',9,'Bài làm tốt, nắm vững kiến thức.',5225,62),(2186,'Bài làm đầy đủ của st01','2026-03-23 12:16:12.444628',9,'Bài làm tốt, nắm vững kiến thức.',5226,62),(2187,'Bài làm đầy đủ của st01','2026-03-23 12:16:12.444628',9,'Bài làm tốt, nắm vững kiến thức.',5227,62),(2188,'Bài làm đầy đủ của st01','2026-03-23 12:16:12.444628',9,'Bài làm tốt, nắm vững kiến thức.',5228,62),(2189,'Bài làm đầy đủ của st01','2026-03-23 12:16:12.444628',9,'Bài làm tốt, nắm vững kiến thức.',5229,62),(2190,'Bài làm đầy đủ của st01','2026-03-23 12:16:12.444628',9,'Bài làm tốt, nắm vững kiến thức.',5230,62),(2191,'Bài làm đầy đủ của st01','2026-03-23 12:16:12.444628',9,'Bài làm tốt, nắm vững kiến thức.',5231,62),(2192,'Bài làm đầy đủ của st01','2026-03-23 12:16:12.444628',9,'Bài làm tốt, nắm vững kiến thức.',5232,62),(2193,'Bài làm đầy đủ của st01','2026-03-23 12:16:12.444628',9,'Bài làm tốt, nắm vững kiến thức.',5233,62),(2194,'Bài làm đầy đủ của st01','2026-03-23 12:16:12.444628',9,'Bài làm tốt, nắm vững kiến thức.',5234,62),(2195,'Bài làm đầy đủ của st01','2026-03-23 12:16:12.444628',9,'Bài làm tốt, nắm vững kiến thức.',5235,62),(2196,'Bài làm đầy đủ của st01','2026-03-23 12:16:12.444628',9,'Bài làm tốt, nắm vững kiến thức.',5236,62),(2197,'Bài làm đầy đủ của st01','2026-03-23 12:16:12.444628',9,'Bài làm tốt, nắm vững kiến thức.',5237,62),(2198,'Bài làm đầy đủ của st01','2026-03-23 12:16:12.444628',9,'Bài làm tốt, nắm vững kiến thức.',5238,62),(2199,'Bài làm đầy đủ của st01','2026-03-23 12:16:12.444628',9,'Bài làm tốt, nắm vững kiến thức.',5239,62),(2200,'Bài làm đầy đủ của st01','2026-03-23 12:16:12.444628',9,'Bài làm tốt, nắm vững kiến thức.',5240,62),(2201,'Bài làm đầy đủ của st01','2026-03-23 12:16:12.444628',9,'Bài làm tốt, nắm vững kiến thức.',5241,62),(2202,'Bài làm đầy đủ của st01','2026-03-23 12:16:12.444628',9,'Bài làm tốt, nắm vững kiến thức.',5242,62),(2203,'Bài làm đầy đủ của st01','2026-03-23 12:16:12.444628',9,'Bài làm tốt, nắm vững kiến thức.',5243,62),(2204,'Bài làm đầy đủ của st01','2026-03-23 12:16:12.444628',9,'Bài làm tốt, nắm vững kiến thức.',5244,62),(2205,'Bài làm đầy đủ của st01','2026-03-23 12:16:12.444628',9,'Bài làm tốt, nắm vững kiến thức.',5245,62),(2206,'Bài làm đầy đủ của st01','2026-03-23 12:16:12.444628',9,'Bài làm tốt, nắm vững kiến thức.',5246,62),(2207,'Bài làm đầy đủ của st01','2026-03-23 12:16:12.444628',9,'Bài làm tốt, nắm vững kiến thức.',5247,62),(2208,'Bài làm đầy đủ của st01','2026-03-23 12:16:12.444628',9,'Bài làm tốt, nắm vững kiến thức.',5248,62),(2209,'Bài làm đầy đủ của st01','2026-03-23 12:16:12.444628',9,'Bài làm tốt, nắm vững kiến thức.',5249,62),(2210,'Bài làm đầy đủ của st01','2026-03-23 12:16:12.444628',9,'Bài làm tốt, nắm vững kiến thức.',5250,62),(2211,'Bài làm đầy đủ của st01','2026-03-23 12:16:12.444628',9,'Bài làm tốt, nắm vững kiến thức.',5251,62),(2212,'Bài làm đầy đủ của st01','2026-03-23 12:16:12.444628',9,'Bài làm tốt, nắm vững kiến thức.',5252,62),(2213,'Bài làm đầy đủ của st01','2026-03-23 12:16:12.444628',9,'Bài làm tốt, nắm vững kiến thức.',5253,62),(2214,'Bài làm đầy đủ của st01','2026-03-23 12:16:12.444628',9,'Bài làm tốt, nắm vững kiến thức.',5254,62),(2215,'Bài làm đầy đủ của st01','2026-03-23 12:16:12.444628',9,'Bài làm tốt, nắm vững kiến thức.',5255,62),(2216,'Bài làm đầy đủ của st01','2026-03-23 12:16:12.444628',9,'Bài làm tốt, nắm vững kiến thức.',5256,62),(2217,'Bài làm đầy đủ của st01','2026-03-23 12:16:12.444628',9,'Bài làm tốt, nắm vững kiến thức.',5257,62),(2218,'Bài làm đầy đủ của st01','2026-03-23 12:16:12.444628',9,'Bài làm tốt, nắm vững kiến thức.',5258,62),(2219,'Bài làm đầy đủ của st01','2026-03-23 12:16:12.444628',9,'Bài làm tốt, nắm vững kiến thức.',5259,62),(2220,'Bài làm đầy đủ của st01','2026-03-23 12:16:12.444628',9,'Bài làm tốt, nắm vững kiến thức.',5260,62),(2221,'Bài làm đầy đủ của st01','2026-03-23 12:16:12.444628',9,'Bài làm tốt, nắm vững kiến thức.',5261,62),(2222,'Bài làm đầy đủ của st01','2026-03-23 12:16:12.444628',9,'Bài làm tốt, nắm vững kiến thức.',5262,62),(2223,'Bài làm đầy đủ của st01','2026-03-23 12:16:12.444628',9,'Bài làm tốt, nắm vững kiến thức.',5263,62),(2224,'Bài làm đầy đủ của st01','2026-03-23 12:16:12.444628',9,'Bài làm tốt, nắm vững kiến thức.',5264,62),(2225,'Bài làm đầy đủ của st01','2026-03-23 12:16:12.444628',9,'Bài làm tốt, nắm vững kiến thức.',5265,62),(2226,'Bài làm đầy đủ của st01','2026-03-23 12:16:12.444628',9,'Bài làm tốt, nắm vững kiến thức.',5266,62),(2227,'Bài làm đầy đủ của st01','2026-03-23 12:16:12.444628',9,'Bài làm tốt, nắm vững kiến thức.',5267,62),(2228,'Bài làm đầy đủ của st01','2026-03-23 12:16:12.444628',9,'Bài làm tốt, nắm vững kiến thức.',5268,62),(2229,'Bài làm đầy đủ của st01','2026-03-23 12:16:12.444628',9,'Bài làm tốt, nắm vững kiến thức.',5269,62),(2230,'Bài làm đầy đủ của st01','2026-03-23 12:16:12.444628',9,'Bài làm tốt, nắm vững kiến thức.',5270,62),(2231,'Bài làm đầy đủ của st01','2026-03-23 12:16:12.444628',9,'Bài làm tốt, nắm vững kiến thức.',5271,62),(2232,'Bài làm đầy đủ của st01','2026-03-23 12:16:12.444628',9,'Bài làm tốt, nắm vững kiến thức.',5272,62),(2233,'Bài làm đầy đủ của st01','2026-03-23 12:16:12.444628',9,'Bài làm tốt, nắm vững kiến thức.',5273,62),(2234,'Bài làm đầy đủ của st01','2026-03-23 12:16:12.444628',9,'Bài làm tốt, nắm vững kiến thức.',5274,62),(2235,'Bài làm đầy đủ của st01','2026-03-23 12:16:12.444628',9,'Bài làm tốt, nắm vững kiến thức.',5275,62),(2236,'Bài làm đầy đủ của st01','2026-03-23 12:16:12.444628',9,'Bài làm tốt, nắm vững kiến thức.',5276,62),(2237,'Bài làm đầy đủ của st01','2026-03-23 12:16:12.444628',9,'Bài làm tốt, nắm vững kiến thức.',5277,62),(2238,'Bài làm đầy đủ của st01','2026-03-23 12:16:12.444628',9,'Bài làm tốt, nắm vững kiến thức.',5278,62),(2239,'Bài làm đầy đủ của st01','2026-03-23 12:16:12.444628',9,'Bài làm tốt, nắm vững kiến thức.',5279,62),(2240,'Bài làm đầy đủ của st01','2026-03-23 12:16:12.444628',9,'Bài làm tốt, nắm vững kiến thức.',5280,62),(2241,'Bài làm đầy đủ của st01','2026-03-23 12:16:12.444628',9,'Bài làm tốt, nắm vững kiến thức.',5281,62),(2242,'Bài làm đầy đủ của st01','2026-03-23 12:16:12.444628',9,'Bài làm tốt, nắm vững kiến thức.',5282,62),(2243,'Bài làm đầy đủ của st01','2026-03-23 12:16:12.444628',9,'Bài làm tốt, nắm vững kiến thức.',5283,62),(2244,'Bài làm đầy đủ của st01','2026-03-23 12:16:12.444628',9,'Bài làm tốt, nắm vững kiến thức.',5284,62),(2245,'Bài làm đầy đủ của st01','2026-03-23 12:16:12.444628',9,'Bài làm tốt, nắm vững kiến thức.',5285,62),(2246,'Bài làm đầy đủ của st01','2026-03-23 12:16:12.444628',9,'Bài làm tốt, nắm vững kiến thức.',5286,62),(2247,'Bài làm đầy đủ của st01','2026-03-23 12:16:12.444628',9,'Bài làm tốt, nắm vững kiến thức.',5287,62),(2248,'Bài làm đầy đủ của st01','2026-03-23 12:16:12.444628',9,'Bài làm tốt, nắm vững kiến thức.',5288,62),(2249,'Bài làm đầy đủ của st01','2026-03-23 12:16:12.444628',9,'Bài làm tốt, nắm vững kiến thức.',5289,62),(2250,'Bài làm đầy đủ của st01','2026-03-23 12:16:12.444628',9,'Bài làm tốt, nắm vững kiến thức.',5290,62),(2251,'Bài làm đầy đủ của st01','2026-03-23 12:16:12.444628',9,'Bài làm tốt, nắm vững kiến thức.',5291,62),(2252,'Bài làm đầy đủ của st01','2026-03-23 12:16:12.444628',9,'Bài làm tốt, nắm vững kiến thức.',5292,62),(2253,'Bài làm đầy đủ của st01','2026-03-23 12:16:12.444628',9,'Bài làm tốt, nắm vững kiến thức.',5293,62),(2254,'Bài làm đầy đủ của st01','2026-03-23 12:16:12.444628',9,'Bài làm tốt, nắm vững kiến thức.',5294,62),(2255,'Bài làm đầy đủ của st01','2026-03-23 12:16:12.444628',9,'Bài làm tốt, nắm vững kiến thức.',5295,62),(2256,'Bài làm đầy đủ của st01','2026-03-23 12:16:12.444628',9,'Bài làm tốt, nắm vững kiến thức.',5296,62),(2257,'Bài làm đầy đủ của st01','2026-03-23 12:16:12.444628',9,'Bài làm tốt, nắm vững kiến thức.',5297,62),(2258,'Bài làm đầy đủ của st01','2026-03-23 12:16:12.444628',9,'Bài làm tốt, nắm vững kiến thức.',5298,62),(2259,'Bài làm đầy đủ của st01','2026-03-23 12:16:12.444628',9,'Bài làm tốt, nắm vững kiến thức.',5299,62),(2260,'Bài làm đầy đủ của st01','2026-03-23 12:16:12.444628',9,'Bài làm tốt, nắm vững kiến thức.',5300,62),(2261,'Bài làm một nửa của st02','2026-03-23 12:16:12.451236',7.5,'Có tiến bộ, cần bổ sung thêm ví dụ.',5301,63),(2262,'Bài làm một nửa của st02','2026-03-23 12:16:12.451236',7.5,'Có tiến bộ, cần bổ sung thêm ví dụ.',5302,63),(2263,'Bài làm một nửa của st02','2026-03-23 12:16:12.451236',7.5,'Có tiến bộ, cần bổ sung thêm ví dụ.',5303,63),(2264,'Bài làm một nửa của st02','2026-03-23 12:16:12.451236',7.5,'Có tiến bộ, cần bổ sung thêm ví dụ.',5304,63),(2265,'Bài làm một nửa của st02','2026-03-23 12:16:12.451236',7.5,'Có tiến bộ, cần bổ sung thêm ví dụ.',5305,63),(2266,'Bài làm một nửa của st02','2026-03-23 12:16:12.451236',7.5,'Có tiến bộ, cần bổ sung thêm ví dụ.',5306,63),(2267,'Bài làm một nửa của st02','2026-03-23 12:16:12.451236',7.5,'Có tiến bộ, cần bổ sung thêm ví dụ.',5307,63),(2268,'Bài làm một nửa của st02','2026-03-23 12:16:12.451236',7.5,'Có tiến bộ, cần bổ sung thêm ví dụ.',5308,63),(2269,'Bài làm một nửa của st02','2026-03-23 12:16:12.451236',7.5,'Có tiến bộ, cần bổ sung thêm ví dụ.',5309,63),(2270,'Bài làm một nửa của st02','2026-03-23 12:16:12.451236',7.5,'Có tiến bộ, cần bổ sung thêm ví dụ.',5310,63),(2271,'Bài làm một nửa của st02','2026-03-23 12:16:12.451236',7.5,'Có tiến bộ, cần bổ sung thêm ví dụ.',5311,63),(2272,'Bài làm một nửa của st02','2026-03-23 12:16:12.451236',7.5,'Có tiến bộ, cần bổ sung thêm ví dụ.',5312,63),(2273,'Bài làm một nửa của st02','2026-03-23 12:16:12.451236',7.5,'Có tiến bộ, cần bổ sung thêm ví dụ.',5313,63),(2274,'Bài làm một nửa của st02','2026-03-23 12:16:12.451236',7.5,'Có tiến bộ, cần bổ sung thêm ví dụ.',5314,63),(2275,'Bài làm một nửa của st02','2026-03-23 12:16:12.451236',7.5,'Có tiến bộ, cần bổ sung thêm ví dụ.',5315,63),(2276,'Bài làm một nửa của st02','2026-03-23 12:16:12.451236',7.5,'Có tiến bộ, cần bổ sung thêm ví dụ.',5316,63),(2277,'Bài làm một nửa của st02','2026-03-23 12:16:12.451236',7.5,'Có tiến bộ, cần bổ sung thêm ví dụ.',5317,63),(2278,'Bài làm một nửa của st02','2026-03-23 12:16:12.451236',7.5,'Có tiến bộ, cần bổ sung thêm ví dụ.',5318,63),(2279,'Bài làm một nửa của st02','2026-03-23 12:16:12.451236',7.5,'Có tiến bộ, cần bổ sung thêm ví dụ.',5319,63),(2280,'Bài làm một nửa của st02','2026-03-23 12:16:12.451236',7.5,'Có tiến bộ, cần bổ sung thêm ví dụ.',5320,63),(2281,'Bài làm một nửa của st02','2026-03-23 12:16:12.451236',7.5,'Có tiến bộ, cần bổ sung thêm ví dụ.',5321,63),(2282,'Bài làm một nửa của st02','2026-03-23 12:16:12.451236',7.5,'Có tiến bộ, cần bổ sung thêm ví dụ.',5322,63),(2283,'Bài làm một nửa của st02','2026-03-23 12:16:12.451236',7.5,'Có tiến bộ, cần bổ sung thêm ví dụ.',5323,63),(2284,'Bài làm một nửa của st02','2026-03-23 12:16:12.451236',7.5,'Có tiến bộ, cần bổ sung thêm ví dụ.',5324,63),(2285,'Bài làm một nửa của st02','2026-03-23 12:16:12.451236',7.5,'Có tiến bộ, cần bổ sung thêm ví dụ.',5325,63),(2286,'Bài làm một nửa của st02','2026-03-23 12:16:12.451236',7.5,'Có tiến bộ, cần bổ sung thêm ví dụ.',5326,63),(2287,'Bài làm một nửa của st02','2026-03-23 12:16:12.451236',7.5,'Có tiến bộ, cần bổ sung thêm ví dụ.',5327,63),(2288,'Bài làm một nửa của st02','2026-03-23 12:16:12.451236',7.5,'Có tiến bộ, cần bổ sung thêm ví dụ.',5328,63),(2289,'Bài làm một nửa của st02','2026-03-23 12:16:12.451236',7.5,'Có tiến bộ, cần bổ sung thêm ví dụ.',5329,63),(2290,'Bài làm một nửa của st02','2026-03-23 12:16:12.451236',7.5,'Có tiến bộ, cần bổ sung thêm ví dụ.',5330,63),(2291,'Bài làm một nửa của st02','2026-03-23 12:16:12.451236',7.5,'Có tiến bộ, cần bổ sung thêm ví dụ.',5331,63),(2292,'Bài làm một nửa của st02','2026-03-23 12:16:12.451236',7.5,'Có tiến bộ, cần bổ sung thêm ví dụ.',5332,63),(2293,'Bài làm một nửa của st02','2026-03-23 12:16:12.451236',7.5,'Có tiến bộ, cần bổ sung thêm ví dụ.',5333,63),(2294,'Bài làm một nửa của st02','2026-03-23 12:16:12.451236',7.5,'Có tiến bộ, cần bổ sung thêm ví dụ.',5334,63),(2295,'Bài làm một nửa của st02','2026-03-23 12:16:12.451236',7.5,'Có tiến bộ, cần bổ sung thêm ví dụ.',5335,63),(2296,'Bài làm một nửa của st02','2026-03-23 12:16:12.451236',7.5,'Có tiến bộ, cần bổ sung thêm ví dụ.',5336,63),(2297,'Bài làm một nửa của st02','2026-03-23 12:16:12.451236',7.5,'Có tiến bộ, cần bổ sung thêm ví dụ.',5337,63),(2298,'Bài làm một nửa của st02','2026-03-23 12:16:12.451236',7.5,'Có tiến bộ, cần bổ sung thêm ví dụ.',5338,63),(2299,'Bài làm một nửa của st02','2026-03-23 12:16:12.451236',7.5,'Có tiến bộ, cần bổ sung thêm ví dụ.',5339,63),(2300,'Bài làm một nửa của st02','2026-03-23 12:16:12.451236',7.5,'Có tiến bộ, cần bổ sung thêm ví dụ.',5340,63),(2301,'Bài làm một nửa của st02','2026-03-23 12:16:12.451236',7.5,'Có tiến bộ, cần bổ sung thêm ví dụ.',5341,63),(2302,'Bài làm một nửa của st02','2026-03-23 12:16:12.451236',7.5,'Có tiến bộ, cần bổ sung thêm ví dụ.',5342,63),(2303,'Bài làm một nửa của st02','2026-03-23 12:16:12.451236',7.5,'Có tiến bộ, cần bổ sung thêm ví dụ.',5343,63),(2304,'Bài làm một nửa của st02','2026-03-23 12:16:12.451236',7.5,'Có tiến bộ, cần bổ sung thêm ví dụ.',5344,63),(2305,'Bài làm một nửa của st02','2026-03-23 12:16:12.451236',7.5,'Có tiến bộ, cần bổ sung thêm ví dụ.',5345,63),(2306,'Bài làm một nửa của st02','2026-03-23 12:16:12.451236',7.5,'Có tiến bộ, cần bổ sung thêm ví dụ.',5346,63),(2307,'Bài làm một nửa của st02','2026-03-23 12:16:12.451236',7.5,'Có tiến bộ, cần bổ sung thêm ví dụ.',5347,63),(2308,'Bài làm một nửa của st02','2026-03-23 12:16:12.451236',7.5,'Có tiến bộ, cần bổ sung thêm ví dụ.',5348,63),(2309,'Bài làm một nửa của st02','2026-03-23 12:16:12.451236',7.5,'Có tiến bộ, cần bổ sung thêm ví dụ.',5349,63),(2310,'Bài làm một nửa của st02','2026-03-23 12:16:12.451236',7.5,'Có tiến bộ, cần bổ sung thêm ví dụ.',5350,63),(2311,'Bài làm một nửa của st02','2026-03-23 12:16:12.454748',7.5,'Có tiến bộ, cần bổ sung thêm ví dụ.',5401,63),(2312,'Bài làm một nửa của st02','2026-03-23 12:16:12.454748',7.5,'Có tiến bộ, cần bổ sung thêm ví dụ.',5402,63),(2313,'Bài làm một nửa của st02','2026-03-23 12:16:12.454748',7.5,'Có tiến bộ, cần bổ sung thêm ví dụ.',5403,63),(2314,'Bài làm một nửa của st02','2026-03-23 12:16:12.454748',7.5,'Có tiến bộ, cần bổ sung thêm ví dụ.',5404,63),(2315,'Bài làm một nửa của st02','2026-03-23 12:16:12.454748',7.5,'Có tiến bộ, cần bổ sung thêm ví dụ.',5405,63),(2316,'Bài làm một nửa của st02','2026-03-23 12:16:12.454748',7.5,'Có tiến bộ, cần bổ sung thêm ví dụ.',5406,63),(2317,'Bài làm một nửa của st02','2026-03-23 12:16:12.454748',7.5,'Có tiến bộ, cần bổ sung thêm ví dụ.',5407,63),(2318,'Bài làm một nửa của st02','2026-03-23 12:16:12.454748',7.5,'Có tiến bộ, cần bổ sung thêm ví dụ.',5408,63),(2319,'Bài làm một nửa của st02','2026-03-23 12:16:12.454748',7.5,'Có tiến bộ, cần bổ sung thêm ví dụ.',5409,63),(2320,'Bài làm một nửa của st02','2026-03-23 12:16:12.454748',7.5,'Có tiến bộ, cần bổ sung thêm ví dụ.',5410,63),(2321,'Bài làm một nửa của st02','2026-03-23 12:16:12.454748',7.5,'Có tiến bộ, cần bổ sung thêm ví dụ.',5411,63),(2322,'Bài làm một nửa của st02','2026-03-23 12:16:12.454748',7.5,'Có tiến bộ, cần bổ sung thêm ví dụ.',5412,63),(2323,'Bài làm một nửa của st02','2026-03-23 12:16:12.454748',7.5,'Có tiến bộ, cần bổ sung thêm ví dụ.',5413,63),(2324,'Bài làm một nửa của st02','2026-03-23 12:16:12.454748',7.5,'Có tiến bộ, cần bổ sung thêm ví dụ.',5414,63),(2325,'Bài làm một nửa của st02','2026-03-23 12:16:12.454748',7.5,'Có tiến bộ, cần bổ sung thêm ví dụ.',5415,63),(2326,'Bài làm một nửa của st02','2026-03-23 12:16:12.454748',7.5,'Có tiến bộ, cần bổ sung thêm ví dụ.',5416,63),(2327,'Bài làm một nửa của st02','2026-03-23 12:16:12.454748',7.5,'Có tiến bộ, cần bổ sung thêm ví dụ.',5417,63),(2328,'Bài làm một nửa của st02','2026-03-23 12:16:12.454748',7.5,'Có tiến bộ, cần bổ sung thêm ví dụ.',5418,63),(2329,'Bài làm một nửa của st02','2026-03-23 12:16:12.454748',7.5,'Có tiến bộ, cần bổ sung thêm ví dụ.',5419,63),(2330,'Bài làm một nửa của st02','2026-03-23 12:16:12.454748',7.5,'Có tiến bộ, cần bổ sung thêm ví dụ.',5420,63),(2331,'Bài làm một nửa của st02','2026-03-23 12:16:12.454748',7.5,'Có tiến bộ, cần bổ sung thêm ví dụ.',5421,63),(2332,'Bài làm một nửa của st02','2026-03-23 12:16:12.454748',7.5,'Có tiến bộ, cần bổ sung thêm ví dụ.',5422,63),(2333,'Bài làm một nửa của st02','2026-03-23 12:16:12.454748',7.5,'Có tiến bộ, cần bổ sung thêm ví dụ.',5423,63),(2334,'Bài làm một nửa của st02','2026-03-23 12:16:12.454748',7.5,'Có tiến bộ, cần bổ sung thêm ví dụ.',5424,63),(2335,'Bài làm một nửa của st02','2026-03-23 12:16:12.454748',7.5,'Có tiến bộ, cần bổ sung thêm ví dụ.',5425,63),(2336,'Bài làm một nửa của st02','2026-03-23 12:16:12.454748',7.5,'Có tiến bộ, cần bổ sung thêm ví dụ.',5426,63),(2337,'Bài làm một nửa của st02','2026-03-23 12:16:12.454748',7.5,'Có tiến bộ, cần bổ sung thêm ví dụ.',5427,63),(2338,'Bài làm một nửa của st02','2026-03-23 12:16:12.454748',7.5,'Có tiến bộ, cần bổ sung thêm ví dụ.',5428,63),(2339,'Bài làm một nửa của st02','2026-03-23 12:16:12.454748',7.5,'Có tiến bộ, cần bổ sung thêm ví dụ.',5429,63),(2340,'Bài làm một nửa của st02','2026-03-23 12:16:12.454748',7.5,'Có tiến bộ, cần bổ sung thêm ví dụ.',5430,63),(2341,'Bài làm một nửa của st02','2026-03-23 12:16:12.454748',7.5,'Có tiến bộ, cần bổ sung thêm ví dụ.',5431,63),(2342,'Bài làm một nửa của st02','2026-03-23 12:16:12.454748',7.5,'Có tiến bộ, cần bổ sung thêm ví dụ.',5432,63),(2343,'Bài làm một nửa của st02','2026-03-23 12:16:12.454748',7.5,'Có tiến bộ, cần bổ sung thêm ví dụ.',5433,63),(2344,'Bài làm một nửa của st02','2026-03-23 12:16:12.454748',7.5,'Có tiến bộ, cần bổ sung thêm ví dụ.',5434,63),(2345,'Bài làm một nửa của st02','2026-03-23 12:16:12.454748',7.5,'Có tiến bộ, cần bổ sung thêm ví dụ.',5435,63),(2346,'Bài làm một nửa của st02','2026-03-23 12:16:12.454748',7.5,'Có tiến bộ, cần bổ sung thêm ví dụ.',5436,63),(2347,'Bài làm một nửa của st02','2026-03-23 12:16:12.454748',7.5,'Có tiến bộ, cần bổ sung thêm ví dụ.',5437,63),(2348,'Bài làm một nửa của st02','2026-03-23 12:16:12.454748',7.5,'Có tiến bộ, cần bổ sung thêm ví dụ.',5438,63),(2349,'Bài làm một nửa của st02','2026-03-23 12:16:12.454748',7.5,'Có tiến bộ, cần bổ sung thêm ví dụ.',5439,63),(2350,'Bài làm một nửa của st02','2026-03-23 12:16:12.454748',7.5,'Có tiến bộ, cần bổ sung thêm ví dụ.',5440,63),(2351,'Bài làm một nửa của st02','2026-03-23 12:16:12.454748',7.5,'Có tiến bộ, cần bổ sung thêm ví dụ.',5441,63),(2352,'Bài làm một nửa của st02','2026-03-23 12:16:12.454748',7.5,'Có tiến bộ, cần bổ sung thêm ví dụ.',5442,63),(2353,'Bài làm một nửa của st02','2026-03-23 12:16:12.455747',7.5,'Có tiến bộ, cần bổ sung thêm ví dụ.',5443,63),(2354,'Bài làm một nửa của st02','2026-03-23 12:16:12.455747',7.5,'Có tiến bộ, cần bổ sung thêm ví dụ.',5444,63),(2355,'Bài làm một nửa của st02','2026-03-23 12:16:12.455747',7.5,'Có tiến bộ, cần bổ sung thêm ví dụ.',5445,63),(2356,'Bài làm một nửa của st02','2026-03-23 12:16:12.455747',7.5,'Có tiến bộ, cần bổ sung thêm ví dụ.',5446,63),(2357,'Bài làm một nửa của st02','2026-03-23 12:16:12.455747',7.5,'Có tiến bộ, cần bổ sung thêm ví dụ.',5447,63),(2358,'Bài làm một nửa của st02','2026-03-23 12:16:12.455747',7.5,'Có tiến bộ, cần bổ sung thêm ví dụ.',5448,63),(2359,'Bài làm một nửa của st02','2026-03-23 12:16:12.455747',7.5,'Có tiến bộ, cần bổ sung thêm ví dụ.',5449,63),(2360,'Bài làm một nửa của st02','2026-03-23 12:16:12.455747',7.5,'Có tiến bộ, cần bổ sung thêm ví dụ.',5450,63),(2361,'Bài làm một nửa của st02','2026-03-23 12:16:12.459114',7.5,'Có tiến bộ, cần bổ sung thêm ví dụ.',5501,63),(2362,'Bài làm một nửa của st02','2026-03-23 12:16:12.459114',7.5,'Có tiến bộ, cần bổ sung thêm ví dụ.',5502,63),(2363,'Bài làm một nửa của st02','2026-03-23 12:16:12.459114',7.5,'Có tiến bộ, cần bổ sung thêm ví dụ.',5503,63),(2364,'Bài làm một nửa của st02','2026-03-23 12:16:12.459114',7.5,'Có tiến bộ, cần bổ sung thêm ví dụ.',5504,63),(2365,'Bài làm một nửa của st02','2026-03-23 12:16:12.459114',7.5,'Có tiến bộ, cần bổ sung thêm ví dụ.',5505,63),(2366,'Bài làm một nửa của st02','2026-03-23 12:16:12.459114',7.5,'Có tiến bộ, cần bổ sung thêm ví dụ.',5506,63),(2367,'Bài làm một nửa của st02','2026-03-23 12:16:12.459114',7.5,'Có tiến bộ, cần bổ sung thêm ví dụ.',5507,63),(2368,'Bài làm một nửa của st02','2026-03-23 12:16:12.459114',7.5,'Có tiến bộ, cần bổ sung thêm ví dụ.',5508,63),(2369,'Bài làm một nửa của st02','2026-03-23 12:16:12.459114',7.5,'Có tiến bộ, cần bổ sung thêm ví dụ.',5509,63),(2370,'Bài làm một nửa của st02','2026-03-23 12:16:12.459114',7.5,'Có tiến bộ, cần bổ sung thêm ví dụ.',5510,63),(2371,'Bài làm một nửa của st02','2026-03-23 12:16:12.459114',7.5,'Có tiến bộ, cần bổ sung thêm ví dụ.',5511,63),(2372,'Bài làm một nửa của st02','2026-03-23 12:16:12.459114',7.5,'Có tiến bộ, cần bổ sung thêm ví dụ.',5512,63),(2373,'Bài làm một nửa của st02','2026-03-23 12:16:12.459114',7.5,'Có tiến bộ, cần bổ sung thêm ví dụ.',5513,63),(2374,'Bài làm một nửa của st02','2026-03-23 12:16:12.459114',7.5,'Có tiến bộ, cần bổ sung thêm ví dụ.',5514,63),(2375,'Bài làm một nửa của st02','2026-03-23 12:16:12.459114',7.5,'Có tiến bộ, cần bổ sung thêm ví dụ.',5515,63),(2376,'Bài làm một nửa của st02','2026-03-23 12:16:12.459114',7.5,'Có tiến bộ, cần bổ sung thêm ví dụ.',5516,63),(2377,'Bài làm một nửa của st02','2026-03-23 12:16:12.459114',7.5,'Có tiến bộ, cần bổ sung thêm ví dụ.',5517,63),(2378,'Bài làm một nửa của st02','2026-03-23 12:16:12.459114',7.5,'Có tiến bộ, cần bổ sung thêm ví dụ.',5518,63),(2379,'Bài làm một nửa của st02','2026-03-23 12:16:12.459114',7.5,'Có tiến bộ, cần bổ sung thêm ví dụ.',5519,63),(2380,'Bài làm một nửa của st02','2026-03-23 12:16:12.459114',7.5,'Có tiến bộ, cần bổ sung thêm ví dụ.',5520,63),(2381,'Bài làm một nửa của st02','2026-03-23 12:16:12.459114',7.5,'Có tiến bộ, cần bổ sung thêm ví dụ.',5521,63),(2382,'Bài làm một nửa của st02','2026-03-23 12:16:12.459114',7.5,'Có tiến bộ, cần bổ sung thêm ví dụ.',5522,63),(2383,'Bài làm một nửa của st02','2026-03-23 12:16:12.459114',7.5,'Có tiến bộ, cần bổ sung thêm ví dụ.',5523,63),(2384,'Bài làm một nửa của st02','2026-03-23 12:16:12.459114',7.5,'Có tiến bộ, cần bổ sung thêm ví dụ.',5524,63),(2385,'Bài làm một nửa của st02','2026-03-23 12:16:12.459114',7.5,'Có tiến bộ, cần bổ sung thêm ví dụ.',5525,63),(2386,'Bài làm một nửa của st02','2026-03-23 12:16:12.459114',7.5,'Có tiến bộ, cần bổ sung thêm ví dụ.',5526,63),(2387,'Bài làm một nửa của st02','2026-03-23 12:16:12.459114',7.5,'Có tiến bộ, cần bổ sung thêm ví dụ.',5527,63),(2388,'Bài làm một nửa của st02','2026-03-23 12:16:12.459114',7.5,'Có tiến bộ, cần bổ sung thêm ví dụ.',5528,63),(2389,'Bài làm một nửa của st02','2026-03-23 12:16:12.459114',7.5,'Có tiến bộ, cần bổ sung thêm ví dụ.',5529,63),(2390,'Bài làm một nửa của st02','2026-03-23 12:16:12.459114',7.5,'Có tiến bộ, cần bổ sung thêm ví dụ.',5530,63),(2391,'Bài làm một nửa của st02','2026-03-23 12:16:12.459114',7.5,'Có tiến bộ, cần bổ sung thêm ví dụ.',5531,63),(2392,'Bài làm một nửa của st02','2026-03-23 12:16:12.459114',7.5,'Có tiến bộ, cần bổ sung thêm ví dụ.',5532,63),(2393,'Bài làm một nửa của st02','2026-03-23 12:16:12.459114',7.5,'Có tiến bộ, cần bổ sung thêm ví dụ.',5533,63),(2394,'Bài làm một nửa của st02','2026-03-23 12:16:12.459114',7.5,'Có tiến bộ, cần bổ sung thêm ví dụ.',5534,63),(2395,'Bài làm một nửa của st02','2026-03-23 12:16:12.459114',7.5,'Có tiến bộ, cần bổ sung thêm ví dụ.',5535,63),(2396,'Bài làm một nửa của st02','2026-03-23 12:16:12.459114',7.5,'Có tiến bộ, cần bổ sung thêm ví dụ.',5536,63),(2397,'Bài làm một nửa của st02','2026-03-23 12:16:12.459114',7.5,'Có tiến bộ, cần bổ sung thêm ví dụ.',5537,63),(2398,'Bài làm một nửa của st02','2026-03-23 12:16:12.459114',7.5,'Có tiến bộ, cần bổ sung thêm ví dụ.',5538,63),(2399,'Bài làm một nửa của st02','2026-03-23 12:16:12.459114',7.5,'Có tiến bộ, cần bổ sung thêm ví dụ.',5539,63),(2400,'Bài làm một nửa của st02','2026-03-23 12:16:12.459114',7.5,'Có tiến bộ, cần bổ sung thêm ví dụ.',5540,63),(2401,'Bài làm một nửa của st02','2026-03-23 12:16:12.459114',7.5,'Có tiến bộ, cần bổ sung thêm ví dụ.',5541,63),(2402,'Bài làm một nửa của st02','2026-03-23 12:16:12.459114',7.5,'Có tiến bộ, cần bổ sung thêm ví dụ.',5542,63),(2403,'Bài làm một nửa của st02','2026-03-23 12:16:12.459114',7.5,'Có tiến bộ, cần bổ sung thêm ví dụ.',5543,63),(2404,'Bài làm một nửa của st02','2026-03-23 12:16:12.459114',7.5,'Có tiến bộ, cần bổ sung thêm ví dụ.',5544,63),(2405,'Bài làm một nửa của st02','2026-03-23 12:16:12.459114',7.5,'Có tiến bộ, cần bổ sung thêm ví dụ.',5545,63),(2406,'Bài làm một nửa của st02','2026-03-23 12:16:12.459114',7.5,'Có tiến bộ, cần bổ sung thêm ví dụ.',5546,63),(2407,'Bài làm một nửa của st02','2026-03-23 12:16:12.459114',7.5,'Có tiến bộ, cần bổ sung thêm ví dụ.',5547,63),(2408,'Bài làm một nửa của st02','2026-03-23 12:16:12.459114',7.5,'Có tiến bộ, cần bổ sung thêm ví dụ.',5548,63),(2409,'Bài làm một nửa của st02','2026-03-23 12:16:12.459114',7.5,'Có tiến bộ, cần bổ sung thêm ví dụ.',5549,63),(2410,'Bài làm một nửa của st02','2026-03-23 12:16:12.459114',7.5,'Có tiến bộ, cần bổ sung thêm ví dụ.',5550,63),(2411,'Bài làm một phần của st04','2026-03-23 12:16:12.466959',6.5,'Cần cố gắng hơn ở phần phân tích.',5801,65),(2412,'Bài làm một phần của st04','2026-03-23 12:16:12.466959',6.5,'Cần cố gắng hơn ở phần phân tích.',5802,65),(2413,'Bài làm một phần của st04','2026-03-23 12:16:12.466959',6.5,'Cần cố gắng hơn ở phần phân tích.',5803,65),(2414,'Bài làm một phần của st04','2026-03-23 12:16:12.466959',6.5,'Cần cố gắng hơn ở phần phân tích.',5804,65),(2415,'Bài làm một phần của st04','2026-03-23 12:16:12.466959',6.5,'Cần cố gắng hơn ở phần phân tích.',5805,65),(2416,'Bài làm một phần của st04','2026-03-23 12:16:12.466959',6.5,'Cần cố gắng hơn ở phần phân tích.',5806,65),(2417,'Bài làm một phần của st04','2026-03-23 12:16:12.466959',6.5,'Cần cố gắng hơn ở phần phân tích.',5807,65),(2418,'Bài làm một phần của st04','2026-03-23 12:16:12.466959',6.5,'Cần cố gắng hơn ở phần phân tích.',5808,65),(2419,'Bài làm một phần của st04','2026-03-23 12:16:12.466959',6.5,'Cần cố gắng hơn ở phần phân tích.',5809,65),(2420,'Bài làm một phần của st04','2026-03-23 12:16:12.466959',6.5,'Cần cố gắng hơn ở phần phân tích.',5810,65),(2421,'Bài làm một phần của st04','2026-03-23 12:16:12.466959',6.5,'Cần cố gắng hơn ở phần phân tích.',5811,65),(2422,'Bài làm một phần của st04','2026-03-23 12:16:12.466959',6.5,'Cần cố gắng hơn ở phần phân tích.',5812,65),(2423,'Bài làm một phần của st04','2026-03-23 12:16:12.466959',6.5,'Cần cố gắng hơn ở phần phân tích.',5813,65),(2424,'Bài làm một phần của st04','2026-03-23 12:16:12.466959',6.5,'Cần cố gắng hơn ở phần phân tích.',5814,65),(2425,'Bài làm một phần của st04','2026-03-23 12:16:12.466959',6.5,'Cần cố gắng hơn ở phần phân tích.',5815,65),(2426,'Bài làm một phần của st04','2026-03-23 12:16:12.466959',6.5,'Cần cố gắng hơn ở phần phân tích.',5816,65),(2427,'Bài làm một phần của st04','2026-03-23 12:16:12.466959',6.5,'Cần cố gắng hơn ở phần phân tích.',5817,65),(2428,'Bài làm một phần của st04','2026-03-23 12:16:12.466959',6.5,'Cần cố gắng hơn ở phần phân tích.',5818,65),(2429,'Bài làm một phần của st04','2026-03-23 12:16:12.466959',6.5,'Cần cố gắng hơn ở phần phân tích.',5819,65),(2430,'Bài làm một phần của st04','2026-03-23 12:16:12.466959',6.5,'Cần cố gắng hơn ở phần phân tích.',5820,65),(2431,'Bài làm một phần của st04','2026-03-23 12:16:12.469139',6.5,'Cần cố gắng hơn ở phần phân tích.',5901,65),(2432,'Bài làm một phần của st04','2026-03-23 12:16:12.469139',6.5,'Cần cố gắng hơn ở phần phân tích.',5902,65),(2433,'Bài làm một phần của st04','2026-03-23 12:16:12.469139',6.5,'Cần cố gắng hơn ở phần phân tích.',5903,65),(2434,'Bài làm một phần của st04','2026-03-23 12:16:12.469139',6.5,'Cần cố gắng hơn ở phần phân tích.',5904,65),(2435,'Bài làm một phần của st04','2026-03-23 12:16:12.469139',6.5,'Cần cố gắng hơn ở phần phân tích.',5905,65),(2436,'Bài làm một phần của st04','2026-03-23 12:16:12.469139',6.5,'Cần cố gắng hơn ở phần phân tích.',5906,65),(2437,'Bài làm một phần của st04','2026-03-23 12:16:12.469139',6.5,'Cần cố gắng hơn ở phần phân tích.',5907,65),(2438,'Bài làm một phần của st04','2026-03-23 12:16:12.469139',6.5,'Cần cố gắng hơn ở phần phân tích.',5908,65),(2439,'Bài làm một phần của st04','2026-03-23 12:16:12.469139',6.5,'Cần cố gắng hơn ở phần phân tích.',5909,65),(2440,'Bài làm một phần của st04','2026-03-23 12:16:12.469139',6.5,'Cần cố gắng hơn ở phần phân tích.',5910,65),(2441,'Bài làm một phần của st04','2026-03-23 12:16:12.469139',6.5,'Cần cố gắng hơn ở phần phân tích.',5911,65),(2442,'Bài làm một phần của st04','2026-03-23 12:16:12.469139',6.5,'Cần cố gắng hơn ở phần phân tích.',5912,65),(2443,'Bài làm một phần của st04','2026-03-23 12:16:12.469139',6.5,'Cần cố gắng hơn ở phần phân tích.',5913,65),(2444,'Bài làm một phần của st04','2026-03-23 12:16:12.469139',6.5,'Cần cố gắng hơn ở phần phân tích.',5914,65),(2445,'Bài làm một phần của st04','2026-03-23 12:16:12.469139',6.5,'Cần cố gắng hơn ở phần phân tích.',5915,65),(2446,'Bài làm một phần của st04','2026-03-23 12:16:12.469139',6.5,'Cần cố gắng hơn ở phần phân tích.',5916,65),(2447,'Bài làm một phần của st04','2026-03-23 12:16:12.469139',6.5,'Cần cố gắng hơn ở phần phân tích.',5917,65),(2448,'Bài làm một phần của st04','2026-03-23 12:16:12.469139',6.5,'Cần cố gắng hơn ở phần phân tích.',5918,65),(2449,'Bài làm một phần của st04','2026-03-23 12:16:12.469139',6.5,'Cần cố gắng hơn ở phần phân tích.',5919,65),(2450,'Bài làm một phần của st04','2026-03-23 12:16:12.469139',6.5,'Cần cố gắng hơn ở phần phân tích.',5920,65);
/*!40000 ALTER TABLE `elearning_submission` ENABLE KEYS */;
UNLOCK TABLES;

--
-- Table structure for table `elearning_user`
--

DROP TABLE IF EXISTS `elearning_user`;
/*!40101 SET @saved_cs_client     = @@character_set_client */;
/*!50503 SET character_set_client = utf8mb4 */;
CREATE TABLE `elearning_user` (
  `id` bigint NOT NULL AUTO_INCREMENT,
  `password` varchar(128) NOT NULL,
  `last_login` datetime(6) DEFAULT NULL,
  `is_superuser` tinyint(1) NOT NULL,
  `username` varchar(150) NOT NULL,
  `first_name` varchar(150) NOT NULL,
  `last_name` varchar(150) NOT NULL,
  `is_staff` tinyint(1) NOT NULL,
  `is_active` tinyint(1) NOT NULL,
  `date_joined` datetime(6) NOT NULL,
  `avatar` varchar(255) NOT NULL,
  `role` varchar(20) NOT NULL,
  `email` varchar(254) NOT NULL,
  `dob` date DEFAULT NULL,
  `gender` varchar(10) NOT NULL,
  PRIMARY KEY (`id`),
  UNIQUE KEY `username` (`username`),
  UNIQUE KEY `email` (`email`)
) ENGINE=InnoDB AUTO_INCREMENT=68 DEFAULT CHARSET=utf8mb4 COLLATE=utf8mb4_0900_ai_ci;
/*!40101 SET character_set_client = @saved_cs_client */;

--
-- Dumping data for table `elearning_user`
--

LOCK TABLES `elearning_user` WRITE;
/*!40000 ALTER TABLE `elearning_user` DISABLE KEYS */;
INSERT INTO `elearning_user` VALUES (1,'pbkdf2_sha256$1200000$ttb5dHEoLEtOv19PgJg3Dd$HhHAWGP//XQZGcwwyQKpU/s6VybfhPc8T9+kpTTAvL4=','2026-03-23 04:31:48.982004',1,'joon','','',1,1,'2026-03-23 04:25:43.414166','','STUDENT','joon@gmail.com',NULL,'MALE'),(57,'pbkdf2_sha256$1200000$zpebTCoX1EPgwJ5EVjkxdz$DSlW5sX5VQN7Hwydc1cr4htLx79LY14smi4F3YNO9S8=',NULL,0,'tc01','Quân','Nguyễn Minh',0,1,'2026-03-23 12:16:08.593720','image/upload/v1767704642/avatar_ipfsn6.jpg','TEACHER','tc01@seed.local','1989-04-16','MALE'),(58,'pbkdf2_sha256$1200000$yK8G2fCvbwhyUDRHHmFQvD$X9IwlLkIdHLT1881gscnrTEVdX/Yf3OY3lYeBmiXV5Q=',NULL,0,'tc02','Hà','Trần Thu',0,1,'2026-03-23 12:16:08.921340','image/upload/v1767704642/avatar_ipfsn6.jpg','TEACHER','tc02@seed.local','1991-08-03','FEMALE'),(59,'pbkdf2_sha256$1200000$63kKMg1A8KfZmLWZNIR2Ws$DK/1NMOYcpFP7UtLseso33Oqb5mUfbIObNbkJ1J1K2s=',NULL,0,'tc03','Long','Phạm Đức',0,1,'2026-03-23 12:16:09.258676','image/upload/v1767704642/avatar_ipfsn6.jpg','TEACHER','tc03@seed.local','1988-11-21','MALE'),(60,'pbkdf2_sha256$1200000$C64qRcl1J82VgXZUGaEkrg$O1+0lvLj2CjIGyEUS0BhHyXIhnqbgaqTXRRpSdKRPsA=',NULL,0,'tc04','Mai','Lê Ngọc',0,1,'2026-03-23 12:16:09.583154','image/upload/v1767704642/avatar_ipfsn6.jpg','TEACHER','tc04@seed.local','1993-02-14','FEMALE'),(61,'pbkdf2_sha256$1200000$4dkS2jxQIKcy37sncVww59$nh2tohkbGNEYjpMVOXIzoVBZNc/clnsdUV7K64+RQJQ=',NULL,0,'tc05','Nam','Võ Hoài',0,1,'2026-03-23 12:16:09.909819','image/upload/v1767704642/avatar_ipfsn6.jpg','TEACHER','tc05@seed.local','1990-06-09','MALE'),(62,'pbkdf2_sha256$1200000$iDXgtYRgNZVfg4D5jmAo0G$O/0BJ/iKQt+zpAvO1vr2tQvA7uNiSlIG39smqHELTtY=',NULL,0,'st01','Tùng','Đặng Thanh',0,1,'2026-03-23 12:16:10.230583','image/upload/v1767704642/avatar_ipfsn6.jpg','STUDENT','st01@seed.local','2003-03-12','MALE'),(63,'pbkdf2_sha256$1200000$hyrsFAiikOhNA6Zb9xZ7jU$7XfXOFQQD4/IXWxh0XAtG1QblrWkTfkRmI+PyCiSneg=',NULL,0,'st02','Linh','Bùi Khánh',0,1,'2026-03-23 12:16:10.550828','image/upload/v1767704642/avatar_ipfsn6.jpg','STUDENT','st02@seed.local','2004-07-01','FEMALE'),(64,'pbkdf2_sha256$1200000$4SH31uEZX8YNafLOw2A94z$MaS/LvXpITjOegGRax8MhGmSVLXUSu5oes6Ezuc474U=',NULL,0,'st03','Bảo','Hoàng Gia',0,1,'2026-03-23 12:16:10.887636','image/upload/v1767704642/avatar_ipfsn6.jpg','STUDENT','st03@seed.local','2002-10-19','MALE'),(65,'pbkdf2_sha256$1200000$1qRACeuG8xXsDjjhB8br43$XaL39mRuX/Uu+iCikZcsZU28s3gej93lZOc3oW4GAqs=',NULL,0,'st04','Anh','Ngô Phương',0,1,'2026-03-23 12:16:11.227366','image/upload/v1767704642/avatar_ipfsn6.jpg','STUDENT','st04@seed.local','2003-12-05','FEMALE'),(66,'pbkdf2_sha256$1200000$8ccelLaaRIvJWyLYkfOr9d$iiQiyMU3pfIxQCpE7qt8n5H0JmsiyvFJxQjO4HIw67k=',NULL,0,'st05','Nhi','Đỗ Quỳnh',0,1,'2026-03-23 12:16:11.565630','image/upload/v1767704642/avatar_ipfsn6.jpg','STUDENT','st05@seed.local','2004-04-28','FEMALE'),(67,'pbkdf2_sha256$1200000$Ujwz6GKoke2VrJlkx7aS7E$pHkpEOHrRoVG9Z6UJ5JfLmiBxf9OK68bZe0ucF2SI3Q=',NULL,0,'st06','Huy','Phan Quốc',0,1,'2026-03-23 12:16:11.903186','image/upload/v1767704642/avatar_ipfsn6.jpg','STUDENT','st06@seed.local','2003-09-17','MALE');
/*!40000 ALTER TABLE `elearning_user` ENABLE KEYS */;
UNLOCK TABLES;

--
-- Table structure for table `elearning_user_groups`
--

DROP TABLE IF EXISTS `elearning_user_groups`;
/*!40101 SET @saved_cs_client     = @@character_set_client */;
/*!50503 SET character_set_client = utf8mb4 */;
CREATE TABLE `elearning_user_groups` (
  `id` bigint NOT NULL AUTO_INCREMENT,
  `user_id` bigint NOT NULL,
  `group_id` int NOT NULL,
  PRIMARY KEY (`id`),
  UNIQUE KEY `elearning_user_groups_user_id_group_id_751d44eb_uniq` (`user_id`,`group_id`),
  KEY `elearning_user_groups_group_id_b980cc89_fk_auth_group_id` (`group_id`),
  CONSTRAINT `elearning_user_groups_group_id_b980cc89_fk_auth_group_id` FOREIGN KEY (`group_id`) REFERENCES `auth_group` (`id`),
  CONSTRAINT `elearning_user_groups_user_id_7671e8ba_fk_elearning_user_id` FOREIGN KEY (`user_id`) REFERENCES `elearning_user` (`id`)
) ENGINE=InnoDB DEFAULT CHARSET=utf8mb4 COLLATE=utf8mb4_0900_ai_ci;
/*!40101 SET character_set_client = @saved_cs_client */;

--
-- Dumping data for table `elearning_user_groups`
--

LOCK TABLES `elearning_user_groups` WRITE;
/*!40000 ALTER TABLE `elearning_user_groups` DISABLE KEYS */;
/*!40000 ALTER TABLE `elearning_user_groups` ENABLE KEYS */;
UNLOCK TABLES;

--
-- Table structure for table `elearning_user_user_permissions`
--

DROP TABLE IF EXISTS `elearning_user_user_permissions`;
/*!40101 SET @saved_cs_client     = @@character_set_client */;
/*!50503 SET character_set_client = utf8mb4 */;
CREATE TABLE `elearning_user_user_permissions` (
  `id` bigint NOT NULL AUTO_INCREMENT,
  `user_id` bigint NOT NULL,
  `permission_id` int NOT NULL,
  PRIMARY KEY (`id`),
  UNIQUE KEY `elearning_user_user_perm_user_id_permission_id_08d04425_uniq` (`user_id`,`permission_id`),
  KEY `elearning_user_user__permission_id_01b65518_fk_auth_perm` (`permission_id`),
  CONSTRAINT `elearning_user_user__permission_id_01b65518_fk_auth_perm` FOREIGN KEY (`permission_id`) REFERENCES `auth_permission` (`id`),
  CONSTRAINT `elearning_user_user__user_id_45bda11d_fk_elearning` FOREIGN KEY (`user_id`) REFERENCES `elearning_user` (`id`)
) ENGINE=InnoDB DEFAULT CHARSET=utf8mb4 COLLATE=utf8mb4_0900_ai_ci;
/*!40101 SET character_set_client = @saved_cs_client */;

--
-- Dumping data for table `elearning_user_user_permissions`
--

LOCK TABLES `elearning_user_user_permissions` WRITE;
/*!40000 ALTER TABLE `elearning_user_user_permissions` DISABLE KEYS */;
/*!40000 ALTER TABLE `elearning_user_user_permissions` ENABLE KEYS */;
UNLOCK TABLES;

--
-- Table structure for table `oauth2_provider_accesstoken`
--

DROP TABLE IF EXISTS `oauth2_provider_accesstoken`;
/*!40101 SET @saved_cs_client     = @@character_set_client */;
/*!50503 SET character_set_client = utf8mb4 */;
CREATE TABLE `oauth2_provider_accesstoken` (
  `id` bigint NOT NULL AUTO_INCREMENT,
  `token` longtext NOT NULL,
  `expires` datetime(6) NOT NULL,
  `scope` longtext NOT NULL,
  `application_id` bigint DEFAULT NULL,
  `user_id` bigint DEFAULT NULL,
  `created` datetime(6) NOT NULL,
  `updated` datetime(6) NOT NULL,
  `source_refresh_token_id` bigint DEFAULT NULL,
  `id_token_id` bigint DEFAULT NULL,
  `token_checksum` varchar(64) NOT NULL,
  PRIMARY KEY (`id`),
  UNIQUE KEY `oauth2_provider_accesstoken_token_checksum_85319a26_uniq` (`token_checksum`),
  UNIQUE KEY `source_refresh_token_id` (`source_refresh_token_id`),
  UNIQUE KEY `id_token_id` (`id_token_id`),
  KEY `oauth2_provider_acce_application_id_b22886e1_fk_oauth2_pr` (`application_id`),
  KEY `oauth2_provider_acce_user_id_6e4c9a65_fk_elearning` (`user_id`),
  CONSTRAINT `oauth2_provider_acce_application_id_b22886e1_fk_oauth2_pr` FOREIGN KEY (`application_id`) REFERENCES `oauth2_provider_application` (`id`),
  CONSTRAINT `oauth2_provider_acce_id_token_id_85db651b_fk_oauth2_pr` FOREIGN KEY (`id_token_id`) REFERENCES `oauth2_provider_idtoken` (`id`),
  CONSTRAINT `oauth2_provider_acce_source_refresh_token_e66fbc72_fk_oauth2_pr` FOREIGN KEY (`source_refresh_token_id`) REFERENCES `oauth2_provider_refreshtoken` (`id`),
  CONSTRAINT `oauth2_provider_acce_user_id_6e4c9a65_fk_elearning` FOREIGN KEY (`user_id`) REFERENCES `elearning_user` (`id`)
) ENGINE=InnoDB DEFAULT CHARSET=utf8mb4 COLLATE=utf8mb4_0900_ai_ci;
/*!40101 SET character_set_client = @saved_cs_client */;

--
-- Dumping data for table `oauth2_provider_accesstoken`
--

LOCK TABLES `oauth2_provider_accesstoken` WRITE;
/*!40000 ALTER TABLE `oauth2_provider_accesstoken` DISABLE KEYS */;
/*!40000 ALTER TABLE `oauth2_provider_accesstoken` ENABLE KEYS */;
UNLOCK TABLES;

--
-- Table structure for table `oauth2_provider_application`
--

DROP TABLE IF EXISTS `oauth2_provider_application`;
/*!40101 SET @saved_cs_client     = @@character_set_client */;
/*!50503 SET character_set_client = utf8mb4 */;
CREATE TABLE `oauth2_provider_application` (
  `id` bigint NOT NULL AUTO_INCREMENT,
  `client_id` varchar(100) NOT NULL,
  `redirect_uris` longtext NOT NULL,
  `client_type` varchar(32) NOT NULL,
  `authorization_grant_type` varchar(44) NOT NULL,
  `client_secret` varchar(255) NOT NULL,
  `name` varchar(255) NOT NULL,
  `user_id` bigint DEFAULT NULL,
  `skip_authorization` tinyint(1) NOT NULL,
  `created` datetime(6) NOT NULL,
  `updated` datetime(6) NOT NULL,
  `algorithm` varchar(5) NOT NULL,
  `post_logout_redirect_uris` longtext NOT NULL,
  `hash_client_secret` tinyint(1) NOT NULL,
  `allowed_origins` longtext NOT NULL,
  PRIMARY KEY (`id`),
  UNIQUE KEY `client_id` (`client_id`),
  KEY `oauth2_provider_appl_user_id_79829054_fk_elearning` (`user_id`),
  KEY `oauth2_provider_application_client_secret_53133678` (`client_secret`),
  CONSTRAINT `oauth2_provider_appl_user_id_79829054_fk_elearning` FOREIGN KEY (`user_id`) REFERENCES `elearning_user` (`id`)
) ENGINE=InnoDB AUTO_INCREMENT=2 DEFAULT CHARSET=utf8mb4 COLLATE=utf8mb4_0900_ai_ci;
/*!40101 SET character_set_client = @saved_cs_client */;

--
-- Dumping data for table `oauth2_provider_application`
--

LOCK TABLES `oauth2_provider_application` WRITE;
/*!40000 ALTER TABLE `oauth2_provider_application` DISABLE KEYS */;
INSERT INTO `oauth2_provider_application` VALUES (1,'XEVbIMmfPphqXr1YdOLWtXszoltBFQd2Ba6VbIMW','','confidential','password','pbkdf2_sha256$1200000$JHY7KnD9eP1KZHHyAxIjPL$X+t3yD/HG13b0ZvTPg2kR+BQOJgJbjn1ZCUoXKVaB0s=','ELearning App',1,0,'2026-03-23 17:21:37.946855','2026-03-23 17:21:37.946855','','',1,'');
/*!40000 ALTER TABLE `oauth2_provider_application` ENABLE KEYS */;
UNLOCK TABLES;

--
-- Table structure for table `oauth2_provider_devicegrant`
--

DROP TABLE IF EXISTS `oauth2_provider_devicegrant`;
/*!40101 SET @saved_cs_client     = @@character_set_client */;
/*!50503 SET character_set_client = utf8mb4 */;
CREATE TABLE `oauth2_provider_devicegrant` (
  `id` bigint NOT NULL AUTO_INCREMENT,
  `device_code` varchar(100) NOT NULL,
  `user_code` varchar(100) NOT NULL,
  `scope` varchar(64) DEFAULT NULL,
  `interval` int NOT NULL,
  `expires` datetime(6) NOT NULL,
  `status` varchar(64) NOT NULL,
  `client_id` varchar(100) NOT NULL,
  `last_checked` datetime(6) NOT NULL,
  `user_id` bigint DEFAULT NULL,
  PRIMARY KEY (`id`),
  UNIQUE KEY `device_code` (`device_code`),
  UNIQUE KEY `oauth2_provider_devicegrant_unique_device_code` (`device_code`),
  KEY `oauth2_provider_devi_user_id_1cec5156_fk_elearning` (`user_id`),
  KEY `oauth2_provider_devicegrant_client_id_229dd06d` (`client_id`),
  CONSTRAINT `oauth2_provider_devi_user_id_1cec5156_fk_elearning` FOREIGN KEY (`user_id`) REFERENCES `elearning_user` (`id`)
) ENGINE=InnoDB DEFAULT CHARSET=utf8mb4 COLLATE=utf8mb4_0900_ai_ci;
/*!40101 SET character_set_client = @saved_cs_client */;

--
-- Dumping data for table `oauth2_provider_devicegrant`
--

LOCK TABLES `oauth2_provider_devicegrant` WRITE;
/*!40000 ALTER TABLE `oauth2_provider_devicegrant` DISABLE KEYS */;
/*!40000 ALTER TABLE `oauth2_provider_devicegrant` ENABLE KEYS */;
UNLOCK TABLES;

--
-- Table structure for table `oauth2_provider_grant`
--

DROP TABLE IF EXISTS `oauth2_provider_grant`;
/*!40101 SET @saved_cs_client     = @@character_set_client */;
/*!50503 SET character_set_client = utf8mb4 */;
CREATE TABLE `oauth2_provider_grant` (
  `id` bigint NOT NULL AUTO_INCREMENT,
  `code` varchar(255) NOT NULL,
  `expires` datetime(6) NOT NULL,
  `redirect_uri` longtext NOT NULL,
  `scope` longtext NOT NULL,
  `application_id` bigint NOT NULL,
  `user_id` bigint NOT NULL,
  `created` datetime(6) NOT NULL,
  `updated` datetime(6) NOT NULL,
  `code_challenge` varchar(128) NOT NULL,
  `code_challenge_method` varchar(10) NOT NULL,
  `nonce` varchar(255) NOT NULL,
  `claims` longtext NOT NULL,
  PRIMARY KEY (`id`),
  UNIQUE KEY `code` (`code`),
  KEY `oauth2_provider_gran_application_id_81923564_fk_oauth2_pr` (`application_id`),
  KEY `oauth2_provider_grant_user_id_e8f62af8_fk_elearning_user_id` (`user_id`),
  CONSTRAINT `oauth2_provider_gran_application_id_81923564_fk_oauth2_pr` FOREIGN KEY (`application_id`) REFERENCES `oauth2_provider_application` (`id`),
  CONSTRAINT `oauth2_provider_grant_user_id_e8f62af8_fk_elearning_user_id` FOREIGN KEY (`user_id`) REFERENCES `elearning_user` (`id`)
) ENGINE=InnoDB DEFAULT CHARSET=utf8mb4 COLLATE=utf8mb4_0900_ai_ci;
/*!40101 SET character_set_client = @saved_cs_client */;

--
-- Dumping data for table `oauth2_provider_grant`
--

LOCK TABLES `oauth2_provider_grant` WRITE;
/*!40000 ALTER TABLE `oauth2_provider_grant` DISABLE KEYS */;
/*!40000 ALTER TABLE `oauth2_provider_grant` ENABLE KEYS */;
UNLOCK TABLES;

--
-- Table structure for table `oauth2_provider_idtoken`
--

DROP TABLE IF EXISTS `oauth2_provider_idtoken`;
/*!40101 SET @saved_cs_client     = @@character_set_client */;
/*!50503 SET character_set_client = utf8mb4 */;
CREATE TABLE `oauth2_provider_idtoken` (
  `id` bigint NOT NULL AUTO_INCREMENT,
  `jti` char(32) NOT NULL,
  `expires` datetime(6) NOT NULL,
  `scope` longtext NOT NULL,
  `created` datetime(6) NOT NULL,
  `updated` datetime(6) NOT NULL,
  `application_id` bigint DEFAULT NULL,
  `user_id` bigint DEFAULT NULL,
  PRIMARY KEY (`id`),
  UNIQUE KEY `jti` (`jti`),
  KEY `oauth2_provider_idto_application_id_08c5ff4f_fk_oauth2_pr` (`application_id`),
  KEY `oauth2_provider_idtoken_user_id_dd512b59_fk_elearning_user_id` (`user_id`),
  CONSTRAINT `oauth2_provider_idto_application_id_08c5ff4f_fk_oauth2_pr` FOREIGN KEY (`application_id`) REFERENCES `oauth2_provider_application` (`id`),
  CONSTRAINT `oauth2_provider_idtoken_user_id_dd512b59_fk_elearning_user_id` FOREIGN KEY (`user_id`) REFERENCES `elearning_user` (`id`)
) ENGINE=InnoDB DEFAULT CHARSET=utf8mb4 COLLATE=utf8mb4_0900_ai_ci;
/*!40101 SET character_set_client = @saved_cs_client */;

--
-- Dumping data for table `oauth2_provider_idtoken`
--

LOCK TABLES `oauth2_provider_idtoken` WRITE;
/*!40000 ALTER TABLE `oauth2_provider_idtoken` DISABLE KEYS */;
/*!40000 ALTER TABLE `oauth2_provider_idtoken` ENABLE KEYS */;
UNLOCK TABLES;

--
-- Table structure for table `oauth2_provider_refreshtoken`
--

DROP TABLE IF EXISTS `oauth2_provider_refreshtoken`;
/*!40101 SET @saved_cs_client     = @@character_set_client */;
/*!50503 SET character_set_client = utf8mb4 */;
CREATE TABLE `oauth2_provider_refreshtoken` (
  `id` bigint NOT NULL AUTO_INCREMENT,
  `token` varchar(255) NOT NULL,
  `access_token_id` bigint DEFAULT NULL,
  `application_id` bigint NOT NULL,
  `user_id` bigint NOT NULL,
  `created` datetime(6) NOT NULL,
  `updated` datetime(6) NOT NULL,
  `revoked` datetime(6) DEFAULT NULL,
  `token_family` char(32) DEFAULT NULL,
  PRIMARY KEY (`id`),
  UNIQUE KEY `access_token_id` (`access_token_id`),
  UNIQUE KEY `oauth2_provider_refreshtoken_token_revoked_af8a5134_uniq` (`token`,`revoked`),
  KEY `oauth2_provider_refr_application_id_2d1c311b_fk_oauth2_pr` (`application_id`),
  KEY `oauth2_provider_refr_user_id_da837fce_fk_elearning` (`user_id`),
  CONSTRAINT `oauth2_provider_refr_access_token_id_775e84e8_fk_oauth2_pr` FOREIGN KEY (`access_token_id`) REFERENCES `oauth2_provider_accesstoken` (`id`),
  CONSTRAINT `oauth2_provider_refr_application_id_2d1c311b_fk_oauth2_pr` FOREIGN KEY (`application_id`) REFERENCES `oauth2_provider_application` (`id`),
  CONSTRAINT `oauth2_provider_refr_user_id_da837fce_fk_elearning` FOREIGN KEY (`user_id`) REFERENCES `elearning_user` (`id`)
) ENGINE=InnoDB DEFAULT CHARSET=utf8mb4 COLLATE=utf8mb4_0900_ai_ci;
/*!40101 SET character_set_client = @saved_cs_client */;

--
-- Dumping data for table `oauth2_provider_refreshtoken`
--

LOCK TABLES `oauth2_provider_refreshtoken` WRITE;
/*!40000 ALTER TABLE `oauth2_provider_refreshtoken` DISABLE KEYS */;
/*!40000 ALTER TABLE `oauth2_provider_refreshtoken` ENABLE KEYS */;
UNLOCK TABLES;
/*!40103 SET TIME_ZONE=@OLD_TIME_ZONE */;

/*!40101 SET SQL_MODE=@OLD_SQL_MODE */;
/*!40014 SET FOREIGN_KEY_CHECKS=@OLD_FOREIGN_KEY_CHECKS */;
/*!40014 SET UNIQUE_CHECKS=@OLD_UNIQUE_CHECKS */;
/*!40101 SET CHARACTER_SET_CLIENT=@OLD_CHARACTER_SET_CLIENT */;
/*!40101 SET CHARACTER_SET_RESULTS=@OLD_CHARACTER_SET_RESULTS */;
/*!40101 SET COLLATION_CONNECTION=@OLD_COLLATION_CONNECTION */;
/*!40111 SET SQL_NOTES=@OLD_SQL_NOTES */;

-- Dump completed on 2026-03-24  0:27:06
